"","OBJECTID","n_export","precip_variability","population","pigs","cattle","flash_flow","average_flow","percent_no_sanitation","proportion_urban"
"1","ARG00001",52.974910736084,17.4339847564697,4974.8916015625,996.08451370021,1730.53561244621,1.0624748468399,11556.2587890625,20.7360000610352,0
"2","ARG00002",23.2903900146484,36.766242980957,306.080688476562,14.3100283405333,3473.98901139668,0.185242250561714,0.0832307711243629,8.91655731201172,0
"3","ARG00003",20.1651630401611,40.9269027709961,1089.53833007812,146.974057845477,2958.31656428266,0.136000007390976,0.00261538475751877,8.91655731201172,0
"4","ARG00004",11.1385288238525,44.0658493041992,48964.3359375,226.414760453023,1767.61854785775,1.23606324195862,14367.279296875,8.91655731201172,1
"5","ARG00005",8.00790786743164,NA,509.618560791016,NA,NA,NA,NA,8.91655731201172,0
"6","ARG00006",33.7273788452148,27.9344673156738,23775.619140625,89.3133782117565,1865.20254287299,0.232185125350952,0.558423101902008,8.91655731201172,1
"7","ARG00010",0,64.3223419189453,232.896621704102,0,0,0.0990764051675796,0.0272307693958282,8.91655731201172,0
"8","ARG00011",31.5116939544678,32.9336471557617,360385.3125,351.586067208861,3469.96540234175,0.861170768737793,2514.22338867188,20.7360000610352,1
"9","ARG00012",375.067687988281,28.3970947265625,899.003784179688,18.6022265738096,1629.00763937545,0.118912793695927,0.00403846148401499,8.91655731201172,0
"10","ARG00015",0,32.6978569030762,170911.921875,94.4349400478591,1156.19578684013,0.901575565338135,2893.5263671875,8.91655731201172,1
"11","AUS00001",273.688110351562,15.4649085998535,1574.88647460938,87.3997602179255,1129.54029240493,0.391068637371063,21.2230396270752,0.0088476175442338,0
"12","AUS00002",989.513122558594,17.6124649047852,60.4109497070312,1.40342222487085,2056.63466533509,0.404341369867325,0.0730769261717796,0.0088476175442338,0
"13","AUS00003",44.9171142578125,15.8034296035767,16794.556640625,167.997327221687,527.745894060691,0.312035650014877,0.01615384593606,0.0088476175442338,1
"14","AUS00004",26.2553825378418,22.6043090820312,0,0.0130254624201052,41.098124441661,0.425202637910843,0.0221923086792231,0.0088476175442338,0
"15","AUS00005",112.543601989746,25.8594245910644,1313.89196777344,4396.80514112783,154.71216608316,-0.862069070339203,0.000961538520641625,0.0088476175442338,0
"16","AUS00007",277.274139404297,21.5027408599854,2219.5302734375,1790.36147487214,1925.91638198367,0.293333351612091,0.000846153881866485,0.0088476175442338,1
"17","AUS00008",101.14338684082,22.4987163543701,7.02322292327881,0.0478035912260976,1586.78293954326,0.355890214443207,29.3673076629639,0.0088476175442338,0
"18","AUS00009",26.3011035919189,26.1332702636719,0,0.0162241045922587,26.643825689818,0.302250117063522,79.2800750732422,0.0088476175442338,0
"19","AUS00011",26.6879348754883,34.7041282653809,7584.0029296875,0.070352990279026,511.127194968569,0.264873683452606,31.6991539001465,0.0088476175442338,0
"20","BEL00001",8663.7451171875,13.5630683898926,11902.9921875,0,3434.94167588468,0.368111789226532,0.0891538485884666,0.514663755893707,0
"21","BEL00006",2562.65576171875,15.857741355896,9372.806640625,15467.5710708674,4396.71187024104,0.304815322160721,0.025076923891902,1.34266066551208,0
"22","BEL00007",6853.28271484375,15.0243711471558,16118.4755859375,4678.01498610276,6467.14345522182,0.275614112615585,0.017692307010293,0.514663755893707,1
"23","BEL00008",7270.203125,15.0751533508301,6573.33984375,4933.89851534454,61.7710582110565,0.30701756477356,0.00807692296802998,0.514663755893707,1
"24","BEL00010",4419.6083984375,10.790717124939,15592.46875,1158.77741460924,4783.58177200065,0.29974490404129,0.00903846137225628,1.34266066551208,1
"25","BEL00011",595.447204589844,8.6737813949585,4977.8505859375,987.750178485297,5975.44933381233,0.411686569452286,0.0238461531698704,0.514663755893707,0
"26","BEL00012",6650.75634765625,13.0117511749268,34708.21484375,1253.22552844658,2348.9576236767,0.327127665281296,0.0094615388661623,0.514663755893707,1
"27","BEL00013",1308.93957519531,16.779239654541,1515.00061035156,0,6447.4300634809,0.431414604187012,0.0541923083364964,0.514663755893707,0
"28","BEL00014",177.225799560547,16.9060344696045,27078.55859375,22983.2797885167,3429.05581696349,0.434858947992325,2.70530772209167,0.514663755893707,1
"29","BEL00015",2837.22241210938,19.7397899627686,10787.7177734375,11427.2136722087,6629.5761685685,0.443807631731033,3.22861528396606,0.514663755893707,1
"30","BEL00016",4857.12890625,17.7331275939941,3038.51318359375,2343.4936350273,1836.94986142278,0.38424351811409,0.464653849601746,0.514663755893707,0
"31","BEL00017",3314.5830078125,15.1614122390747,50402.51953125,4221.93198456215,1756.98119477552,0.412937104701996,1.90849995613098,2.12659502029419,0
"32","BEL00018",1830.28002929688,12.7791633605957,7171.12109375,39384.3983079988,5466.74648199793,0.352284789085388,0.0254999995231628,0.514663755893707,0
"33","BEL00019",1143.19128417969,15.1645021438599,67139.140625,4578.39502788221,2719.94784711412,0.382915169000626,0.0246538463979959,0.514663755893707,1
"34","BEL00020",683.595275878906,12.3494424819946,72604.6796875,344.593764034274,2462.90582939399,0.349311590194702,0.0263461545109749,0.514663755893707,1
"35","BEL00021",1486.98425292969,13.0432443618774,17605.6640625,796.358858921031,5416.48757511743,0.436943531036377,4.64696168899536,0.514663755893707,1
"36","BEL00023",194.948760986328,12.3702964782715,26748.048828125,3551.5459069767,801.635695441406,0.480256855487823,17.2157306671143,0.514663755893707,1
"37","BEL00024",289.635986328125,13.2292375564575,17784.14453125,8516.0208806474,3982.24745907922,0.285714328289032,0.00815384648740292,0.514663755893707,1
"38","BEL00025",341.446655273438,14.6294689178467,37473.65234375,9375.8183919419,10143.1101993456,0.334525942802429,0.00719230808317661,0.514663755893707,1
"39","BEL00028",5647.32275390625,17.5985794067383,12648.9990234375,33362.3382535192,8882.78414909359,0.418374806642532,1.07311534881592,0.514663755893707,0
"40","BEL00029",141.06884765625,19.9129505157471,51015.046875,8104.85856328489,4958.83280470683,0.429782092571259,0.0136538464576006,0.514663755893707,1
"41","BEL00031",4991.15185546875,19.2984085083008,14454.921875,14614.9079933317,7958.52440809698,0.341988950967789,0.0238076932728291,0.514663755893707,1
"42","BEL00050",NA,15.7799825668335,13436.6201171875,5962.6638753122,99.2327900275906,0.262926280498505,0.0183846149593592,NA,1
"43","BEL00051",109.286193847656,18.8436222076416,17428.787109375,7355.60681972737,3875.18308010901,0.486730843782425,9.90042304992676,0.514663755893707,1
"44","BEL00052",4.43320274353027,12.6765308380127,15431.779296875,40691.9418433567,6742.49372516323,0.562314629554749,229.055770874023,0.514663755893707,0
"45","BEL00053",70.3279495239258,13.7717590332031,22353.07421875,27961.9724346253,5452.55569349806,0.612880527973175,136.475967407227,0.514663755893707,1
"46","BEL00054",2808.60424804688,13.6552400588989,36518.57421875,4256.69630188543,6594.74832224268,0.340000033378601,0.00719230808317661,0.514663755893707,1
"47","BEL00055",383.776397705078,15.5460033416748,158010.4375,1961.57414112204,2879.20949345578,0.443057686090469,0.0218461528420448,0.514663755893707,1
"48","BEL00056",5217.27734375,15.4234313964844,9204.970703125,2941.97378653644,8833.04559108373,0.331666678190231,0.0153076928108931,0.514663755893707,1
"49","BEL00057",698.261962890625,13.1974077224731,72604.6796875,344.593764034274,2462.90582939399,0.528249442577362,39.4256935119629,0.514663755893707,1
"50","BEL00059",1469.7373046875,11.5829229354858,16894.96484375,3169.02735901402,3532.80405422646,0.458903580904007,5.42026901245117,0.514663755893707,0
"51","BEL00060",176.722183227539,13.5768127441406,19048.412109375,7784.90778598556,8071.79550799478,0.422099351882935,2.98034620285034,0.514663755893707,1
"52","BEL00061",1330.00036621094,12.5565538406372,72604.6796875,344.593764034274,2462.90582939399,0.308562219142914,0.00734615419059992,0.514663755893707,1
"53","BEL00062",663.824523925781,12.4233293533325,48461.08203125,946.488232880109,1617.68829615478,0.293388456106186,0.00819230824708939,0.514663755893707,1
"54","BEL00063",112.184509277344,12.2407426834106,470584.84375,0,0,0.475665658712387,7.83311557769775,0.514663755893707,1
"55","BEL00064",94.1586608886719,11.6340942382812,111435.6875,544.764264567369,2784.00731503642,0.336593329906464,0.0158846154808998,0.514663755893707,1
"56","BEL00065",3267.72119140625,11.9438982009888,111435.6875,544.764264567369,2784.00731503642,0.469772070646286,0.0364615395665169,0.514663755893707,1
"57","BEL00066",1168.98266601562,11.9427080154419,38925.22265625,1359.21774114002,2392.16174194005,0.462079107761383,5.06230783462524,0.514663755893707,1
"58","BEL00067",340.218353271484,13.0938320159912,30405.580078125,1248.21834902108,3126.07244734961,0.481979042291641,9.74253845214844,0.514663755893707,1
"59","BEL00068",2679.42333984375,12.9074077606201,17784.14453125,8516.0208806474,3982.24745907922,0.329482674598694,0.0252307690680027,0.514663755893707,1
"60","BEL00069",38.8587799072266,13.3158712387085,26718.578125,2110.66068626606,8616.21144704286,0.459249317646027,6.30823087692261,0.514663755893707,1
"61","BEL00070",854.576232910156,16.487642288208,48585.44921875,11009.2704742193,6280.57804223585,0.513620376586914,21.3473072052002,0.514663755893707,1
"62","BEL00071",2314.1318359375,18.8025798797607,17428.787109375,7355.60681972737,3875.18308010901,0.382931351661682,0.456115394830704,0.514663755893707,1
"63","BEL00072",6551.8291015625,14.6471395492554,9204.970703125,2941.97378653644,8833.04559108373,0.287812054157257,0.00753846159204841,0.514663755893707,1
"64","BEL00073",5641.31396484375,15.0829133987427,9204.970703125,2941.97378653644,8833.04559108373,0.421965330839157,0.0308846160769463,0.514663755893707,1
"65","BEL00074",3706.109375,12.9603157043457,34708.21484375,1253.22552844658,2348.9576236767,0.432659387588501,4.29050016403198,0.514663755893707,1
"66","BEL00075",120.108329772949,19.8895645141602,51015.046875,8104.85856328489,4958.83280470683,0.461337924003601,3.18553853034973,0.514663755893707,1
"67","BEL00076",6404.63916015625,16.6688690185547,2809.224609375,4408.88430558972,2555.90489983841,0.437918901443482,2.88738465309143,0.514663755893707,0
"68","BEL00077",2837.22241210938,19.7397899627686,10787.7177734375,11427.2136722087,6629.5761685685,0.443807631731033,3.22861528396606,0.514663755893707,1
"69","BGD00002",0,93.5952529907227,116790.625,62.2719525828209,11288.1966898758,0.178219258785248,0.0952307730913162,64.2270202636719,1
"70","BGD00003",47.7061882019043,96.801383972168,28274.740234375,0,14803.9486371447,0.134349033236504,0.0111923078075051,64.2270202636719,0
"71","BGD00004",1472.81677246094,87.8161392211914,184398.4375,1.66549984827656,13794.95163268,0.225381776690483,0.0329230763018131,64.2270202636719,1
"72","BGD00005",1623.19885253906,95.7797698974609,89057.1015625,43.5476426716381,16009.8394107898,0.307131171226501,45.0478057861328,64.2270202636719,1
"73","BGD00006",2086.61010742188,107.76197052002,110508.15625,1.85900597770646,10100.4400466155,NA,NA,64.2270202636719,0
"74","CAN00001",NA,39.5581359863281,114.080718994141,0,0,0.0928433313965797,0.0018461539875716,0.373447775840759,0
"75","CAN00002",19.7813053131104,53.9451141357422,29.4042778015137,0.262562911325199,6.52613819101282,0.126153856515884,0.00157692318316549,0.373447775840759,0
"76","CAN00003",384.896453857422,NA,11240.5361328125,0,557.847924689733,0.303637742996216,0.0157307703047991,0.373447775840759,1
"77","CAN00004",21.9153957366943,59.3465538024902,214.189636230469,32.6816649890261,105.252406458409,0.697637379169464,613.713439941406,0.373447775840759,1
"78","CAN00005",NA,51.5012054443359,16.4733562469482,0.275519921670372,6.9958799625545,0.192592605948448,0.00100000004749745,0.373447775840759,0
"79","CAN00006",34.145076751709,59.8632125854492,88.7987747192383,1196.68196646433,889.504175514244,0.304581880569458,10.4429998397827,0.373447775840759,0
"80","CAN00007",456.067626953125,NA,6791.73974609375,NA,NA,0.692745745182037,2739.31005859375,0.373447775840759,1
"81","CAN00009",NA,52.3865509033203,0,0.00798321445032529,3.80134335209587,0.156281232833862,0.0721538439393044,0.373447775840759,0
"82","CAN00010",NA,16.050350189209,NA,NA,NA,0.22239625453949,0.010923077352345,0.373447775840759,NA
"83","CAN00011",0,25.6773700714111,NA,NA,NA,0.155461221933365,0.0788846164941788,0.031795758754015,NA
"84","CAN00012",87.7233581542969,16.0485076904297,1737.08630371094,4.12367607575386,15.9802599323584,0.438466906547546,230.016876220703,0.031795758754015,0
"85","CAN00014",45.6234130859375,53.7191314697266,0,0,5.30994971408537e-10,0.324165046215057,0.00634615402668715,0.373447775840759,0
"86","CAN00015",18.031644821167,47.3634567260742,201.041091918945,3.41723320047445,0.000952898549825997,0.561798989772797,867.733642578125,0.373447775840759,0
"87","CAN00017",21.1637935638428,52.6295127868652,0,0,1.19328012992172,1.09714221954346,2163.49926757812,0.373447775840759,0
"88","CAN00018",NA,29.4505672454834,0,0,0,0.33551162481308,236.381149291992,0.373447775840759,0
"89","CAN00019",NA,39.543773651123,132.485137939453,0.476010294469198,0.00388728121940747,0.124388925731182,0.0264230780303478,0.373447775840759,0
"90","CAN00021",100.909530639648,34.8072547912598,0,0,0,0.293852597475052,10.9175386428833,0.373447775840759,0
"91","CAN00022",59.6403923034668,29.3385562896729,0,0,0,0.283190310001373,8.82980823516846,0.373447775840759,0
"92","CAN00023",85.3480758666992,29.1831760406494,1464.50366210938,45.3106345372011,166.704110383223,0.194009125232697,0.0376153849065304,0.373447775840759,1
"93","CAN00026",857.561950683594,29.038366317749,13.2266054153442,0.873095559224577,102.228229483424,0.360748410224915,70.1017684936523,0.373447775840759,0
"94","CAN00027",48.4378852844238,22.4819431304932,2.30322289466858,0,0,0.325845092535019,43.9343070983887,0.373447775840759,0
"95","CAN00028",1644.03332519531,24.2994937896729,511.312713623047,1.85019439266174,119.630597743502,0.209759935736656,0.0205000005662441,0.373447775840759,0
"96","CAN00029",455.190551757812,26.3029174804688,12338.451171875,0,0,0.346842259168625,8.00403881072998,0.373447775840759,1
"97","CAN00030",3.2095365524292,25.194242477417,165.436294555664,0,145.176296293956,0.397081345319748,100.246925354004,0.373447775840759,0
"98","CAN00031",0,22.1137981414795,NA,NA,NA,0.185277670621872,0.0713461562991142,0.031795758754015,NA
"99","CAN00032",0,34.2518196105957,0,NA,NA,0.102721348404884,0.0103076919913292,0.373447775840759,NA
"100","CAN00033",0,50.3274078369141,0,NA,NA,0.448619604110718,47.1127700805664,0.031795758754015,0
"101","CAN00034",NA,29.3774738311768,NA,NA,NA,0.119904071092606,0.00769230769947171,0.031795758754015,NA
"102","CAN00035",NA,26.1485576629639,NA,NA,NA,0.15285587310791,0.0397307686507702,0.031795758754015,NA
"103","CAN00037",NA,18.3101062774658,NA,NA,NA,1.21834599971771,6090.61572265625,0.031795758754015,NA
"104","CAN00038",0,29.1262741088867,NA,NA,NA,0.194166675209999,0.00896153878420591,0.031795758754015,NA
"105","CAN00039",0,24.497838973999,126.933250427246,0.235343833502802,23.4968811955234,0.138237163424492,0.00838461518287659,0.031795758754015,NA
"106","CAN00040",NA,19.0888366699219,NA,NA,NA,0.178397208452225,0.00984615366905928,0.031795758754015,NA
"107","CAN00041",NA,15.3445510864258,33682.390625,NA,NA,0.284427314996719,0.017000000923872,0.373447775840759,NA
"108","CAN00042",NA,17.5052108764648,NA,NA,NA,0.250349640846252,0.0137692308053374,0.031795758754015,NA
"109","CAN00043",NA,20.9074153900146,NA,NA,NA,0.255993813276291,0.0127307688817382,0.373447775840759,NA
"110","CAN00044",0,10.6985244750977,NA,NA,NA,0.24524287879467,0.0798076912760735,0.373447775840759,NA
"111","CAN00045",NA,15.0722942352295,0,NA,NA,0.272699177265167,0.169576928019524,0.031795758754015,NA
"112","CAN00046",NA,17.2208042144775,NA,NA,NA,0.229114964604378,0.0106538459658623,0.031795758754015,NA
"113","CAN00047",0,13.4782629013062,NA,NA,NA,0.178750902414322,0.00957692321389914,0.373447775840759,NA
"114","CAN00048",NA,14.5462980270386,NA,NA,NA,0.225954204797745,0.0113846156746149,0.373447775840759,NA
"115","CAN00049",3.51576948165894,10.5650873184204,2741.87036132812,514.098149782906,377.166887762372,0.455400973558426,758.911254882812,0.373447775840759,1
"116","CAN00050",27.4827842712402,9.11217975616455,4274.849609375,76.5180324902134,56.277723226377,0.260257929563522,0.00853846129029989,0.373447775840759,0
"117","CAN00051",47.2368469238281,12.3513135910034,236.975997924805,1.62449039782941,0.15748966425376,0.468905836343765,0.0687307715415955,0.373447775840759,0
"118","CAN00052",60.256275177002,10.950478553772,10168.890625,0.245941761590589,3.98887652216559,0.442399740219116,82.5314254760742,0.373447775840759,0
"119","CAN00053",59.8454513549805,17.0585117340088,1911.23999023438,0,0,0.434796661138535,60.4382705688477,0.373447775840759,1
"120","CAN00054",250.281524658203,15.4714612960815,68794.65625,5.58819219307233,239.504497536118,0.432891547679901,2.32780766487122,0.373447775840759,1
"121","CAN00055",32.4385414123535,14.7223100662231,0,0.00424026463028802,13.6355794793624,0.282428115606308,0.017000000923872,0.373447775840759,0
"122","CAN00056",11.9110288619995,14.1370801925659,5381.71435546875,0,395.238125422873,0.446059852838516,15.2223072052002,0.373447775840759,1
"123","CAN00057",3.41732573509216,22.1719398498535,613.02392578125,2.33252252293875,45.7014262354858,0.443586468696594,0.0397692322731018,0.373447775840759,0
"124","CAN00058",2160.8984375,11.6498069763184,716.208251953125,0,778.516073102344,0.399909555912018,3.09542298316956,0.373447775840759,0
"125","CAN00071",NA,20.7491188049316,0,NA,NA,0.158396944403648,0.00957692321389914,0.373447775840759,NA
"126","CHL00001",131.688858032227,94.8154067993164,19028.236328125,134.081815180714,187.07485625234,0.425642102956772,11.8575382232666,3.99889707565308,1
"127","CHL00002",125.077545166016,94.0775985717773,3994.1416015625,0.858661080957995,198.349952087543,0.492990434169769,85.2222290039062,3.99889707565308,0
"128","CHN00001",0,55.6328468322754,43952.921875,12682.1810185741,1244.79927267885,0.653896152973175,17880.361328125,31.0541248321533,0
"129","CHN00002",3050.47192382812,114.11058807373,520952.96875,21038.2086073414,1348.92633932746,0.793740272521973,1116.07104492188,31.0541248321533,1
"130","CHN00003",39.9231910705566,66.8995590209961,2767172.75,9545.04352578747,634.861753020759,0.230910524725914,0.0338461548089981,31.0541248321533,0
"131","CHN00004",0,52.8212890625,NA,NA,NA,0.133179366588593,0.00665384624153376,31.0541248321533,NA
"132","COL00001",83.6621475219727,34.410758972168,871669.1875,3532.56000282702,4365.25623036776,0.288416087627411,0.0750769227743149,20.3893547058105,1
"133","COL00002",205.163681030273,36.855167388916,208602.109375,7866.83755893892,6237.21082103847,0.578783392906189,19.885461807251,20.3893547058105,1
"134","DEU00001",13.4981660842896,17.880163192749,32874.890625,712.264635392517,194.486595592089,0.922037363052368,1160.21179199219,0.777708947658539,1
"135","DEU00002",408.564453125,17.1452445983887,151530.65625,501.185460501269,116.939114487543,0.304832696914673,0.0189230777323246,0.777708947658539,1
"136","DEU00003",23.2492809295654,16.6730937957764,25456.265625,514.347038197001,513.87273320104,0.443872839212418,0.0929230749607086,0.777708947658539,0
"137","DEU00004",3487.6083984375,11.6941719055176,9098.849609375,1019.66624370905,1595.371949257,0.295396417379379,0.00888461526483297,2.34190630912781,0
"138","DEU00005",119.295349121094,18.3901233673096,53562.23046875,789.340843979226,365.738283767919,0.542644262313843,279.463226318359,0.777708947658539,1
"139","DEU00006",1371.96508789062,14.506856918335,19357.26953125,6174.4121045891,2924.88328107722,0.889200925827026,2184.45434570312,0.777708947658539,0
"140","DEU00007",777.219970703125,14.2720613479614,8526.220703125,6915.71510595106,3008.54565654168,0.453477591276169,10.407154083252,0.777708947658539,1
"141","DEU00008",2180.81811523438,16.8408126831055,4991.36376953125,29902.3750939893,6387.54402299323,0.568049430847168,73.9658508300781,0.777708947658539,1
"142","DEU00009",1521.06140136719,15.1024322509766,1403.35510253906,2397.52262105638,1130.38168759958,0.537220537662506,140.053268432617,0.777708947658539,0
"143","DEU00010",3655.53002929688,15.0588073730469,7610.12890625,3534.73189521913,2124.04438942332,0.317738801240921,0.012538461945951,0.777708947658539,0
"144","DEU00011",124.633895874023,15.8803415298462,24512.8828125,4000.54477953607,2500.28095607123,0.500780045986176,0.0493846163153648,0.777708947658539,1
"145","DEU00012",103.894920349121,19.482271194458,4878.66259765625,2918.7741169963,3437.94676505331,0.21574504673481,0.091384619474411,0.777708947658539,0
"146","ECU00001",23.2072525024414,122.106002807617,12277.1171875,2524.47329266275,1699.40775494534,0.255743503570557,0.850730776786804,22.2088928222656,1
"147","ECU00002",128.471145629883,47.4263458251953,135260.65625,1306.29364760771,3865.41848745912,0.461371064186096,20.7100772857666,22.2088928222656,1
"148","ECU00003",57.5530815124512,72.695182800293,684.643127441406,5688.6877465377,6329.96359643976,3.62771058082581,0.231615379452705,22.2088928222656,0
"149","EGY00002",0.0729665905237198,0,219924.953125,7.17200991044227,685.087809689973,0.769685626029968,1555.61328125,6.8978099822998,1
"150","EGY00003",0.149842321872711,26.646936416626,422829.40625,14.7739842909676,12980.4120790822,0.754435002803802,1489.02478027344,6.8978099822998,1
"151","EGY00004",2.07264184951782,70.3077621459961,480244.125,9.0425751288377,2105.47867223666,0,0,6.8978099822998,1
"152","EGY00005",3.0427713394165,71.0393371582031,787775.9375,0,0,0.750344932079315,1461.00939941406,6.8978099822998,1
"153","EGY00006",0,68.6910858154297,165953.015625,26.547088566645,10309.3610085862,0,0,6.8978099822998,1
"154","EGY00007",0,93.4006652832031,209326.046875,29.2931894027617,10230.9166246689,-0.105769224464893,0.0101538458839059,6.8978099822998,1
"155","EGY00008",10.7252340316772,108.311820983887,62138.92578125,30.8281056042385,4403.01069974585,0.749591112136841,1458.03747558594,6.8978099822998,1
"156","ESP00002",174.359100341797,49.1747360229492,92185.1875,2643.74488322733,436.343392860203,0.453988552093506,253.828994750977,0.0966705307364464,1
"157","ESP00003",41.0083503723145,33.2736129760742,109.482719421387,0,17.5873303909894,0.209190368652344,0.0183846149593592,0.0966705307364464,0
"158","ESP00004",1600.52612304688,40.3642845153809,2155.3515625,34.7309650895567,348.495151442103,0.42573219537735,44.5362701416016,0.0966705307364464,0
"159","ESP00005",150.560516357422,53.5742111206055,83489.4609375,1883.73846191179,490.611323095849,0.379923164844513,41.2976913452149,0.0966705307364464,1
"160","ESP00006",1809.07470703125,24.0130310058594,3560.94921875,467.559913874099,1142.00844017325,0.472934663295746,134.740692138672,0.0966705307364464,0
"161","FIN00002",NA,29.2514934539795,22893.509765625,243.659058818961,24.4216208048606,0.284908324480057,0.00776923075318337,0.551955938339233,1
"162","FIN00004",NA,26.1402587890625,69.5401916503906,0,0,0.215932920575142,0.019807692617178,0.551955938339233,NA
"163","FJI00001",20.2161273956299,36.716064453125,10607.4072265625,357.909581851132,3068.48057908948,0.446660876274109,12.5374612808228,13.6913948059082,0
"164","GBR00001",119.913803100586,15.4302530288696,178305.265625,739.40413792979,201.408917859674,0.567711472511292,66.6629257202148,0.878557801246643,1
"165","GBR00002",60.704029083252,18.4752559661865,62550.453125,666.144844796917,3510.67365832333,0.496597498655319,17.5198841094971,0.878557801246643,1
"166","GBR00003",3011.44360351562,24.1236839294434,4256.54541015625,678.408852855828,3537.24533153959,0.457928657531738,14.0965766906738,0.878557801246643,0
"167","GBR00004",155.70832824707,10.4888687133789,200765.4375,761.700788346561,589.082337575602,0.447431206703186,0.649153828620911,0.878557801246643,1
"168","GBR00005",17.7139053344727,16.3052749633789,3282.54907226562,1017.01918934324,6182.85472788418,0.491769969463348,41.0400390625,0.878557801246643,0
"169","GBR00006",130.507293701172,29.7487621307373,31655.9296875,8.15777431975346,1590.77843453417,0.494668006896973,46.673770904541,0.878557801246643,1
"170","GBR00007",21.6956100463867,19.0726222991943,71519.3828125,0,1468.96334534518,0.499869257211685,35.9476547241211,0.878557801246643,1
"171","GBR00008",55.9445190429688,16.6986064910889,9208.9716796875,259.012887592518,2126.9894221232,0.571262955665588,51.4969596862793,0.878557801246643,0
"172","GBR00009",95.3556060791016,33.8432197570801,272.426330566406,41.3598264499235,325.588393378318,0.502753734588623,13.0398845672607,0.878557801246643,0
"173","GHA00002",24.4656791687012,63.2064628601074,29379.76953125,363.539498691692,197.865470287932,0.222442910075188,0.00861538480967283,87.4719390869141,0
"174","GHA00003",38.1425704956055,89.2587356567383,1501.21203613281,14.2673933282129,550.826404149299,0.245528787374496,112.701499938965,87.4719390869141,0
"175","GTM00001",779.3115234375,84.5319747924805,3182.40087890625,527.99295039224,2213.53305110858,0.355940401554108,13.4701538085938,35.6841278076172,0
"176","GTM00002",7.81432151794434,103.439147949219,111006.21875,4233.31414197113,8990.49085645256,0.370236992835999,4.77638483047485,35.6841278076172,1
"177","GTM00003",38.4391822814941,92.4626693725586,35419.51953125,6747.4026007227,1980.32520277343,0.409745275974274,2.14884614944458,35.6841278076172,1
"178","GTM00004",32.1656227111816,79.0565872192383,20065.748046875,2163.01902350008,1006.50050894504,0.441587507724762,2.43673086166382,35.6841278076172,0
"179","HUN00001",40.0925216674805,28.9315433502197,44167.55859375,1946.45053865409,529.717176496032,0.53098726272583,480.049957275391,1.98082733154297,1
"180","HUN00002",8.62147808074951,23.9892845153809,37421.0390625,516.137475866143,444.076039944211,0.339838296175003,0.937692284584045,1.98082733154297,1
"181","HUN00004",NA,28.1703910827637,0,0,0,0.333548456430435,0.477115392684937,1.98082733154297,NA
"182","IDN00002",NA,NA,2255277.75,0,0,NA,NA,NA,NA
"183","IDN00003",230.105529785156,66.1322784423828,2255277.75,0,0,0.247457638382912,0.0308846160769463,44.7603530883789,1
"184","IDN00006",1912.4658203125,48.3635482788086,843116.375,557.34448484,2730.36588004124,0.601256668567657,62.1625366210938,44.7603530883789,1
"185","IDN00007",2282.94921875,71.9821548461914,70192.125,1282.84672860863,14146.5920974709,0.370493292808533,14.4187307357788,44.7603530883789,0
"186","IDN00009",172.101745605469,79.6727142333984,1245900.375,0,0,0.21441712975502,0.0493076927959919,44.7603530883789,1
"187","IDN00011",1327.92993164062,42.8450736999512,164423.75,30.5554900490861,363.921244884278,NA,NA,44.7603530883789,1
"188","IDN00012",3498.15747070312,67.6896362304688,169746.484375,0.312494135742572,5265.11965857006,0.566457688808441,102.710960388184,44.7603530883789,0
"189","IDN00013",85.1070938110352,53.1928634643555,309075.84375,2.25719306524106,831.804268377657,0.260024279356003,0.0164615381509066,44.7603530883789,1
"190","IDN00015",99.7795486450195,57.3424797058105,3102810.75,0,0,0.295324951410294,0.00996153801679611,44.7603530883789,1
"191","IDN00019",1131.00463867188,83.6175079345703,299145.5625,8.37527685151362,1291.11913180445,0.263819545507431,4.26557683944702,44.7603530883789,1
"192","IDN00021",108.155982971191,37.9039115905762,836598.125,93.1641464845155,1487.9375477109,0.560632646083832,2407.99975585938,44.7603530883789,1
"193","IDN00022",108.155982971191,37.9039115905762,836598.125,93.1641464845155,1487.9375477109,0.560632646083832,2407.99975585938,44.7603530883789,1
"194","IND00001",929.231262207031,150.957565307617,25329.509765625,21.7835382202359,8020.0782026892,0.0585635341703892,0.00203846162185073,64.8115615844727,0
"195","IND00002",1233.478515625,151.516189575195,618657.5,0,0,0.0449101813137531,0.00115384615492076,64.8115615844727,1
"196","IND00004",466.445495605469,143.851638793945,27343.4609375,39.9373198778137,8729.81440499548,0.0762897953391075,0.00534615386277437,64.8115615844727,0
"197","IND00005",511.245086669922,155.094863891602,12506.341796875,4.86044920740785,5743.75201131758,0.0742068216204643,0.0215000007301569,64.8115615844727,0
"198","IND00007",783.417785644531,154.18586730957,18229.3515625,72.7749915764617,4554.20990141195,0.0650954023003578,0.00223076925612986,64.8115615844727,0
"199","IND00009",1035.1455078125,138.208145141602,15925.0048828125,14.2231906657563,3231.56720424015,0.0853735059499741,0.00523076904937625,64.8115615844727,0
"200","IND00010",954.098449707031,126.752380371094,26302.953125,6.66133126390729,2749.00184936396,0.0790580362081528,0.0036153846886009,64.8115615844727,1
"201","IND00011",1344.8935546875,140.218688964844,21209.158203125,300.45147654803,4288.6705050832,0.178221151232719,517.92822265625,64.8115615844727,0
"202","IND00012",683.865905761719,120.857078552246,18145.564453125,82.8387237045521,4680.9848711289,0.116724744439125,0.00257692323066294,64.8115615844727,0
"203","IND00013",330.068450927734,121.962501525879,145690.796875,500.263150666161,5417.44751129569,0.235213175415993,195.014541625977,64.8115615844727,1
"204","IND00014",799.336547851562,103.922187805176,10196.2783203125,83.4022571420618,2434.62453829059,0.126153841614723,0.00315384613350034,64.8115615844727,0
"205","IND00017",68.5883636474609,95.6939544677734,180786.609375,713.630328054429,9472.62824700772,0.256753295660019,0.0383846163749695,64.8115615844727,1
"206","IND00018",36.7157554626465,94.732177734375,15346.208984375,178.387679400573,12155.5606984907,0.327859371900559,0.0437692292034626,64.8115615844727,0
"207","IND00020",434.044982910156,114.019515991211,114121.140625,107.411540136003,2735.13870980593,0.196113079786301,0.243346154689789,64.8115615844727,1
"208","IND00021",440.860534667969,113.405380249023,114121.140625,107.411540136003,2735.13870980593,0.2563396692276,2.81484603881836,64.8115615844727,0
"209","IND00024",2682.16040039062,109.295555114746,57573.80859375,375.820346539275,8839.08396089511,0.196251958608627,141.525573730469,64.8115615844727,1
"210","IND00025",92.085693359375,94.9838256835938,695737.8125,187.639582919115,425.695091757565,0.170474514365196,0.00746153853833675,64.8115615844727,1
"211","IND00028",584.744445800781,102.507720947266,18515.060546875,196.499017857012,2384.38810895381,0.136833742260933,0.00661538494750857,64.8115615844727,0
"212","IND00029",140.047149658203,89.7247924804688,318025.90625,723.678684681833,3350.11627725167,0.153814002871513,0.028307693079114,64.8115615844727,1
"213","IND00030",165.271789550781,102.778984069824,333921,41.5070533242002,1097.18533825803,0.104545459151268,0.00176923081744462,64.8115615844727,1
"214","IND00031",439.348571777344,83.4303665161133,72013.2890625,62.5230591201358,8514.19421552254,0.154594078660011,0.0122307697311044,64.8115615844727,1
"215","IND00033",796.483581542969,87.2860717773438,33172.64453125,144.462552667251,4999.81027659096,0.283962666988373,89.5579605102539,64.8115615844727,1
"216","IND00034",400.679748535156,90.4603424072266,26956.591796875,31.0315699215319,5729.06233400367,0.260157495737076,0.111807689070702,64.8115615844727,1
"217","IND00036",1312.69299316406,108.70654296875,96891.984375,25.8263045374495,2337.51064180814,0.213271409273148,64.4306945800781,64.8115615844727,1
"218","IND00037",1446.12194824219,86.390007019043,76008.8125,54.537674356796,1880.07772090262,0.288288295269012,0.00861538480967283,64.8115615844727,1
"219","IND00038",681.039916992188,87.4809799194336,15814.927734375,100.728902976082,4053.12869542932,0.241091847419739,113.714424133301,64.8115615844727,0
"220","IND00039",1533.66674804688,112.869338989258,21455.861328125,533.880951544499,5479.64237732624,0.141142383217812,0.0131153846159577,64.8115615844727,0
"221","IND00040",1360.62036132812,91.6789932250977,16911.01953125,55.4080005250136,261.655332409082,0.163599178195,0.00307692307978869,64.8115615844727,0
"222","IND00041",920.688720703125,86.2940216064453,20970.169921875,34.2420979222348,10228.3180394077,0.218272462487221,0.0521923080086708,64.8115615844727,0
"223","IND00042",231.83528137207,63.9247589111328,77886.53125,26.1468554456025,4587.27608892052,0.242136761546135,0.108961537480354,64.8115615844727,0
"224","IND00043",17.5562477111816,84.1740112304688,19352.130859375,195.838690168932,4203.54944533752,0.392065942287445,0.0585384629666805,64.8115615844727,0
"225","IND00044",631.211791992188,148.521484375,16322.822265625,15.3217352490141,4725.12321200387,0.0838470980525017,0.00523076904937625,64.8115615844727,0
"226","IND00045",238.113647460938,134.383270263672,26910.58203125,2.85184201622024,5666.1779535021,0.0583941675722599,0.00123076932504773,64.8115615844727,0
"227","IND00046",2147.10717773438,155.503555297852,7413.38623046875,0,0,0.0703125,0.00276923086494207,64.8115615844727,0
"228","IND00047",1568.06286621094,152.394119262695,80552.546875,34.9350123871526,5652.70655466356,0.191640481352806,198.443344116211,64.8115615844727,1
"229","IND00048",88.5433807373047,115.38419342041,32166.546875,963.564549784208,7409.60540540674,0.182572022080421,0.992461562156677,64.8115615844727,0
"230","IND00049",805.403564453125,112.41690826416,611266.5625,0,0,0.196340158581734,125.323348999023,64.8115615844727,1
"231","IND00050",NA,74.9083251953125,73745.1640625,864.60391261638,9770.98101542271,0.243039593100548,0.894423067569733,64.8115615844727,1
"232","IND00051",1207.85668945312,74.6464996337891,61921.578125,118.795353143895,20676.2467120541,0.171073108911514,0.00846153870224953,64.8115615844727,0
"233","IND00053",113.161575317383,100.778007507324,510995.625,293.868139457238,2690.96315029934,0.103186652064323,0.00261538475751877,64.8115615844727,1
"234","IND00054",963.274841308594,100.881866455078,414109.40625,293.868139457238,2690.96315029934,0.103999994695187,0.00249999994412065,64.8115615844727,0
"235","IND00055",NA,144.910278320312,209760.25,0.231274282779037,1603.10070214781,NA,NA,NA,NA
"236","IND00056",3702.51342773438,143.763259887695,23672.962890625,0.303353545057909,1719.83634101293,0.0607476644217968,0.00150000001303852,64.8115615844727,0
"237","IND00057",1172.56787109375,101.028656005859,147672.375,7.80010222883725,5515.84910362804,0.198351338505745,1564.38342285156,64.8115615844727,1
"238","IND00058",978.735412597656,101.130615234375,702210.5,7.80010222883725,5515.84910362804,0.1086780205369,0.0051538459956646,64.8115615844727,1
"239","IND00059",978.735412597656,101.130615234375,702210.5,7.80010222883725,5515.84910362804,0.1086780205369,0.0051538459956646,64.8115615844727,1
"240","IND00060",1245.76672363281,102.627197265625,298505.28125,9.56050344969566,2250.09148722977,0.0796460211277008,0.00450000027194619,64.8115615844727,1
"241","IND00061",699.737121582031,102.439498901367,298505.28125,9.56050344969566,2250.09148722977,0.0860513523221016,0.00953846145421267,64.8115615844727,0
"242","IND00062",2066.2490234375,150.541915893555,97931.8515625,122.299167511657,4077.11063930117,0.0527097284793854,0.00273076933808625,64.8115615844727,1
"243","IND00063",647.101684570312,146.319076538086,74985.5,182.359760796605,1533.8213593254,0.197984591126442,0.0385384634137154,64.8115615844727,1
"244","IND00064",51.2467384338379,145.283172607422,61402.6015625,574.192108934052,1229.53614074736,0.161126509308815,0.0268461536616087,64.8115615844727,1
"245","IND00065",137.541305541992,153.252365112305,313724.5,33.8580765421848,6369.53807704304,0.0734982341527939,0.0040000001899898,64.8115615844727,1
"246","IND00066",117.126075744629,156.699462890625,79801.59375,4.66586016428505,5087.84296264058,0.0752401277422905,0.00542307691648602,64.8115615844727,1
"247","IND00067",1499.31799316406,156.315765380859,27655.794921875,3.83351232534359,7846.72673765696,0.0968105122447014,0.00992307718843221,64.8115615844727,1
"248","IND00068",225.771438598633,156.748428344727,281866.96875,2.01491002382497,9527.95318477134,0.0815766900777817,0.0183076914399862,64.8115615844727,1
"249","IND00069",273.572631835938,148.802215576172,21353.642578125,0.242096377663485,3093.64186729917,0.0887685418128967,0.0145000005140901,64.8115615844727,0
"250","IND00070",2019.72766113281,154.153350830078,49420.95703125,0.075119667903386,2742.47196017389,0.139721393585205,0.0254615377634764,64.8115615844727,1
"251","IND00071",1141.04577636719,76.6842422485352,18505.345703125,422.961859085934,9736.18422189106,0.288292944431305,302.683319091797,64.8115615844727,1
"252","IND00072",694.184875488281,102.997512817383,29917.583984375,5058.28849818497,1616.73687897082,0.120845921337605,0.00307692307978869,64.8115615844727,0
"253","IRL00001",2575.4521484375,15.707405090332,4578.259765625,588.967500582147,7903.00185766347,0.482132077217102,0.0306153856217861,9.70706653594971,0
"254","IRL00002",99.1770935058594,22.0572872161865,2504.66577148438,93.4526962825962,6342.17863493972,0.46977761387825,15.6301155090332,9.70706653594971,0
"255","IRL00003",148.971908569336,22.0972366333008,2075.99877929688,1181.57313210052,5345.12914338213,0.292752802371979,0.157230764627457,9.70706653594971,0
"256","IRL00004",0,31.8344058990479,1176.1806640625,2051.47312545704,4577.45739019172,0.491733998060226,33.1489219665527,9.70706653594971,0
"257","IRN00001",0.405405730009079,66.4875946044922,6126.322265625,0,1746.66714987628,0.375910520553589,33.5432319641113,12.18798828125,1
"258","IRN00006",96.3945159912109,79.447624206543,433958.40625,0,1277.32470400287,0.301950305700302,14.6591539382935,12.18798828125,1
"259","IRN00009",0,104.418327331543,2473.69067382812,0,1143.24599132975,0,0,12.18798828125,0
"260","IRN00010",96.019645690918,105.13990020752,405983.71875,0,788.665604614477,-0.0393939428031445,0.000500000023748726,12.18798828125,1
"261","IRN00011",1654.73059082031,98.1792526245117,1721.17333984375,0,461.442192621772,0.156954362988472,0.0219615381211042,12.18798828125,0
"262","IRN00014",2053.51586914062,61.1677017211914,9330.263671875,0,2751.67668978436,0.458882063627243,181.938919067383,12.18798828125,0
"263","IRN00015",1822.12451171875,49.7620086669922,11614.537109375,0,3813.66233196419,0.4527987241745,164.166763305664,12.18798828125,0
"264","JPN00001",138.37092590332,27.3380966186523,29987.37109375,2452.09345073418,2252.28548651648,0.452976882457733,28.8884620666504,0.0356019549071789,1
"265","JPN00003",1780.57800292969,50.4987907409668,40094.5546875,36111.0106306622,1736.01056135523,0.14632174372673,0.00696153845638037,0.0356019549071789,1
"266","JPN00007",151.91926574707,40.6672744750977,312876.84375,3362.62359248727,448.474559999255,0.280716359615326,0.0259230770170689,0.0356019549071789,1
"267","JPN00008",1.0604236125946,37.8215980529785,100108.8515625,3120.01511090471,234.187940343146,0.436795979738235,0.0268461536616087,0.0356019549071789,1
"268","JPN00009",169.688095092773,46.0092468261719,12811.1591796875,449.923557201992,230.640018755178,0.332491159439087,0.0253076925873756,0.0356019549071789,1
"269","JPN00010",36.5620956420898,48.4793128967285,109127.984375,5777.02147629589,1907.14726084236,0.408655345439911,0.247692301869392,0.0356019549071789,1
"270","JPN00011",98.0658721923828,47.6683921813965,33958.125,4304.4025723645,613.086221822052,0.243243247270584,0.0377307683229446,0.0356019549071789,1
"271","JPN00012",163.22575378418,44.4109344482422,98215.6328125,0,0,0.486377388238907,0.259538471698761,0.0356019549071789,1
"272","JPN00013",125.731597900391,49.2379989624023,570578.6875,436.339248762299,85.96996410178,0.387084990739822,0.0408076904714108,0.0356019549071789,1
"273","JPN00014",116.981285095215,50.9096794128418,180800.953125,1359.94435611556,357.915885343687,0.24647755920887,0.100923076272011,0.0356019549071789,1
"274","JPN00015",55.3933372497559,28.9589920043945,188799.703125,4404.91174880591,168.104951372318,0.424127459526062,0.0215000007301569,0.0356019549071789,1
"275","JPN00016",0,35.8136405944824,6.36598348617554,19.6963334260414,428.463450869292,0.410689651966095,0.320653855800629,0.0356019549071789,0
"276","JPN00017",106.084350585938,29.4247894287109,45453.82421875,3617.12861807042,2125.11549128263,0.490270376205444,514.557983398438,0.0356019549071789,1
"277","JPN00018",123.036750793457,41.7585716247559,43286.14453125,4118.25350394937,1269.37246193781,0.519844532012939,392.956878662109,0.0356019549071789,1
"278","JPN00019",0,23.5989646911621,NA,NA,NA,0.185642749071121,0.0213846154510975,0.0356019549071789,0
"279","JPN00020",0,42.0301666259766,98215.6328125,0,0,0.190327614545822,0.023461539298296,0.0356019549071789,1
"280","JPN00021",595.026123046875,54.9439430236816,58145.65625,3689.55380418073,924.140850134027,0.178135395050049,0.0123461540788412,0.0356019549071789,1
"281","JPN00022",18.0315055847168,51.4701194763184,23308.099609375,642.794994698199,194.256151047479,0.342477440834045,113.148460388184,0.0356019549071789,1
"282","JPN00023",106.332679748535,62.2057418823242,64269.63671875,9315.53653471978,5377.67476026475,0.179596185684204,0.0195000004023314,0.0356019549071789,1
"283","JPN00024",34.4357299804688,64.9916381835938,30079.390625,3601.54984071762,2116.94047811807,0.321715652942658,126.170036315918,0.0356019549071789,0
"284","JPN00025",0,40.104419708252,11439.779296875,5041.26110576421,1071.8620557327,0.212636053562164,0.0308076925575733,0.0356019549071789,0
"285","JPN00026",NA,39.4959297180176,5628.3154296875,0,0,0.44541409611702,18.8587303161621,0.0356019549071789,0
"286","JPN00027",NA,38.7856216430664,11954.6884765625,6109.32849697052,932.101113113547,0.136609077453613,0.00973076932132244,0.0356019549071789,0
"287","JPN00028",79.1398773193359,49.2950057983398,17341.064453125,1474.31677040536,390.132192419591,0.468299359083176,45.1213836669922,0.0356019549071789,1
"288","KEN00006",89.6039199829102,87.25146484375,15342.4599609375,654.78669366023,5136.32282664226,0.28764283657074,5.11199998855591,68.420654296875,0
"289","KEN00008",0,43.0050430297852,NA,NA,NA,0.53689044713974,91.7723083496094,68.420654296875,NA
"290","KHM00001",58.1931076049805,73.6404876708984,23063.333984375,5351.91200392516,4357.83292822742,0.16688060760498,0.00499999988824129,69.072380065918,0
"291","KHM00002",4.75461673736572,75.3456954956055,64269.40625,2384.27218072389,1814.70606127839,0.399425119161606,12477.2412109375,69.072380065918,1
"292","KHM00003",25.549991607666,76.2598190307617,34762.16015625,4114.97734080105,11374.2111720639,0.399255394935608,12462.876953125,69.072380065918,0
"293","KHM00004",65.0300827026367,74.1774291992188,63266.44921875,784.66610654938,116.200372396844,0.217616572976112,0.00484615378081799,69.072380065918,0
"294","KHM00005",42.3565979003906,73.4608764648438,81019.8359375,929.619442643123,7921.13698483788,0.347074866294861,757.259704589844,69.072380065918,0
"295","KHM00006",0,81.1398010253906,18849.646484375,282.680407723557,1643.43851096123,0.397706657648087,12216.4638671875,69.072380065918,0
"296","KHM00007",40.8841705322266,101.74772644043,2271.23022460938,951.301870499395,669.829254100555,0.344157040119171,951.981201171875,69.072380065918,0
"297","KHM00008",106.221824645996,102.321060180664,343.173309326172,331.713504681005,237.713670580647,0.285406798124313,0.127499997615814,69.072380065918,0
"298","KHM00009",0,90.4224548339844,22556.474609375,3080.27219466923,1577.85472686582,0.351961940526962,2320.95556640625,69.072380065918,1
"299","KHM00010",18.2339954376221,72.6422119140625,0,3144.36175972947,2853.94341132327,0.405613631010055,13847.541015625,69.072380065918,0
"300","KHM00011",13.0496387481689,73.5004196166992,0,1554.63334238837,2332.94947236363,0.323501646518707,78.794189453125,69.072380065918,1
"301","KHM00012",17.7935180664062,71.9932098388672,81712.625,1966.61574553507,4391.67203378847,0.315407752990723,79.0134582519531,69.072380065918,0
"302","LAO00001",89.6576309204102,110.97981262207,122175.7265625,6228.41190670065,1380.56991711918,0.38375386595726,8585.0009765625,50.5180511474609,1
"303","LAO00002",119.290550231934,94.7915496826172,143064.59375,1269.79270994234,1557.61298171668,0.199120789766312,0.719500005245209,50.5180511474609,1
"304","LAO00003",30.1031799316406,86.1471176147461,9733.044921875,1468.62111756247,1087.31616299254,0.408033490180969,3441.96044921875,50.5180511474609,0
"305","LAO00004",92.5303039550781,107.316680908203,11791.013671875,7704.73023427023,1531.16163244937,0.295068293809891,138.962265014648,50.5180511474609,0
"306","LAO00005",90.1069107055664,106.413352966309,11791.013671875,7704.73023427023,1531.16163244937,0.296454668045044,130.959808349609,50.5180511474609,0
"307","LAO00006",88.7968444824219,100.543235778809,5482.21044921875,1546.85357780919,2555.74842254682,0.303983718156815,467.43408203125,50.5180511474609,0
"308","LAO00007",162.861190795898,107.20809173584,6806.3310546875,2759.64099668149,1907.16435881133,0.144122734665871,0.0256538465619087,50.5180511474609,0
"309","LAO00008",87.0030288696289,100.438285827637,7264.2421875,6484.69768254937,3997.53816638584,0.332013428211212,518.388854980469,50.5180511474609,0
"310","LAO00009",8.32443237304688,108.835021972656,20945.841796875,1568.63590321449,1717.88631346868,0.227678582072258,0.0274615380913019,50.5180511474609,0
"311","LAO00010",204.375946044922,108.396713256836,20945.841796875,1568.63590321449,1717.88631346868,0.33487594127655,233.796768188477,50.5180511474609,0
"312","LAO00011",67.1708374023438,88.1092681884766,2116.607421875,857.232386773493,337.620420000116,0.36304098367691,575.182495117188,50.5180511474609,0
"313","LAO00016",131.357620239258,99.7639465332031,2045.01318359375,2653.51876699386,1248.95410083131,0.27494478225708,2.68050003051758,50.5180511474609,0
"314","LAO00019",45.3114128112793,81.1717758178711,131.928009033203,296.366806831651,184.168921079239,0.398403376340866,1488.38439941406,32.0188140869141,0
"315","LAO00020",0,97.0288848876953,61982.859375,1086.19992635308,3867.22154471818,0.205776587128639,5.12826919555664,5.11420249938965,1
"316","MAR00001",120.546875,79.5497512817383,24319.482421875,1.97909926928438,1935.62233168612,0.331032961606979,55.8698081970215,22.9633026123047,0
"317","MAR00006",93.8086242675781,80.351448059082,232967.390625,2.34999769265336,2043.74902557832,0.20298182964325,0.281192302703857,22.9633026123047,1
"318","MAR00007",1355.10949707031,64.1392288208008,7493.42333984375,5.136997167445,715.541598232295,0,0,NA,0
"319","MAR00008",96.0412673950195,77.5618286132812,6537.1875,1.47674385944763,1298.90826510921,0.322250872850418,20.9059619903564,22.9633026123047,0
"320","MEX00001",12.6675243377686,55.9509963989258,100.813621520996,0.702174235950499,1249.90552048169,0,0,0.031795758754015,0
"321","MEX00002",0,102.436676025391,24356.296875,121.821008495789,901.161867352673,0.199999988079071,0.00146153848618269,17.5445785522461,1
"322","MEX00003",403.863006591797,56.3242988586426,205741.515625,268.900188081751,467.007065866402,0.167707398533821,0.0072307693772018,17.5445785522461,1
"323","MEX00004",334.418701171875,83.4500274658203,30414.208984375,828.562109474644,3078.82632074913,0.312572151422501,227.98454284668,17.5445785522461,1
"324","MEX00005",NA,64.5955047607422,49737.87890625,430.334331757595,1088.51366104199,NA,NA,17.5445785522461,1
"325","MEX00006",319.735504150391,112.259460449219,2677.29614257812,421.429119069117,1574.64032438396,0.377442479133606,0.0586923062801361,17.5445785522461,0
"326","MEX00007",1130.83483886719,97.7456665039062,31780.048828125,5049.76428619444,4989.85700444051,0.383541852235794,0.0613076910376549,17.5445785522461,0
"327","MEX00008",557.971496582031,104.867568969727,1404.25927734375,1081.74238217502,8298.10014604466,0.121228754520416,0.008500000461936,17.5445785522461,0
"328","MEX00009",0,119.044174194336,116.281913757324,0,0,0.252838581800461,2.14115381240845,17.5445785522461,NA
"329","MEX00014",115.043991088867,106.424003601074,136573.140625,8364.57612501682,2006.19628719539,0.120000004768372,0.00103846157435328,17.5445785522461,1
"330","MEX00015",498.379669189453,55.2131156921387,2700.85034179688,349.194537787908,4738.81804848531,0.424051910638809,1403.08520507812,17.5445785522461,0
"331","MEX00016",55.1601142883301,55.8951263427734,35143.11328125,1158.98991567943,5908.1867711521,0.395834356546402,666.173828125,17.5445785522461,1
"332","MLI00001",8.905930519104,124.333915710449,248459.671875,16.0788660527193,1232.8623615505,0.143602550029755,0.497500002384186,74.3621673583984,1
"333","MLI00002",14.1509819030762,119.181732177734,2265.32250976562,7.47947201734261,720.737764360751,0.318351000547409,844.230163574219,74.3621673583984,0
"334","MLI00004",65.2224349975586,122.924308776855,344353.4375,15.47159489246,1121.44135996793,0.132062152028084,0.0143846152350307,74.3621673583984,1
"335","MLI00006",188.514739990234,127.581939697266,26252.3046875,0.285493039358101,1713.75684455588,0.312735706567764,830.703735351562,74.3621673583984,1
"336","MLI00007",188.514739990234,127.581939697266,26252.3046875,0.285493039358101,1713.75684455588,0.312735706567764,830.703735351562,74.3621673583984,1
"337","MLI00008",188.514739990234,127.581939697266,26252.3046875,0.285493039358101,1713.75684455588,0.312735706567764,830.703735351562,74.3621673583984,1
"338","MLI00009",95.4116134643555,115.473541259766,18333.095703125,55.9182690356454,1896.16124182676,0.173679947853088,0.181923076510429,74.3621673583984,0
"339","MYS00001",768.447998046875,28.249059677124,579163.5625,4055.23118289081,565.610147614476,0.594560980796814,22.1798458099365,1.68248343467712,1
"340","MYS00002",52.0816116333008,28.6293716430664,52382.2265625,2061.92453950609,189.232005162648,0.792438566684723,3.54384613037109,1.68248343467712,0
"341","MYS00003",1454.88854980469,29.1884307861328,12212.9501953125,16.5376700316445,1052.8960756655,0.512168884277344,8.75034618377686,1.68248343467712,0
"342","MYS00004",1071.498046875,22.006046295166,39279.3046875,3679.44653662229,991.187186706204,0.449534118175507,3.08942317962646,1.68248343467712,1
"343","MYS00005",1577.18481445312,42.2422752380371,24369.48828125,7.89940550458887,784.291035925332,0.502450227737427,1.88107693195343,1.68248343467712,0
"344","MYS00006",1268.76416015625,60.3710098266602,82245.0234375,10.6441784086339,1852.97196747097,0.28992548584938,0.0344230756163597,1.68248343467712,0
"345","NLD00001",62.6185874938965,14.7758111953735,12675.244140625,17132.6870685965,3993.20426659878,0.889208793640137,2184.78833007812,0.777708947658539,0
"346","NLD00002",71.9263458251953,14.5843143463135,21758.6171875,3476.51803735305,4016.64277466726,0.299516916275024,0.00715384632349014,2.12659502029419,1
"347","NLD00003",419.151092529297,16.1388263702393,11700.701171875,4696.27966819444,9793.12154919609,0.889818787574768,2195.05541992188,2.12659502029419,1
"348","NLD00004",58.7803001403809,16.4140071868897,33029.44921875,3951.86250955287,11083.5786941636,0.52927577495575,35.3151550292969,2.12659502029419,1
"349","NLD00005",3151.62744140625,13.1575002670288,34708.21484375,1253.22552844658,2348.9576236767,0.370577305555344,0.00765384640544653,0.514663755893707,1
"350","NLD00006",NA,21.6788902282715,45420.65625,0,0,NA,NA,NA,0
"351","NOR00001",NA,27.1492519378662,5817.44384765625,582.473549396298,252.674530342538,0.332838028669357,0.00861538480967283,1.93537199497223,1
"352","NOR00002",NA,30.5854187011719,526.11376953125,112.33786066538,121.525044669865,0.522732019424438,315.918151855469,1.93537199497223,0
"353","NOR00004",NA,31.7585697174072,74.6654281616211,0,0,0.531696677207947,463.946502685547,1.93537199497223,0
"354","NOR00005",NA,25.1540679931641,92.0592269897461,7.02751487527607,8.23418854942605,0.296953201293945,5.32415390014648,1.93537199497223,0
"355","NOR00006",NA,32.3651504516602,833.290222167969,9.85895819700559,47.3483079136506,0.251629710197449,0.0148461535573006,1.93537199497223,0
"356","NOR00007",NA,33.4668617248535,8800.0390625,96.1476523449689,231.471197697801,0.421137362718582,0.0603846162557602,1.93537199497223,0
"357","NOR00008",NA,30.2241744995117,69.4089660644531,9.55302745249406,14.3964794972945,0.17985612154007,0.00288461544550955,1.93537199497223,0
"358","NZL00001",129.123229980469,19.8070507049561,11749.3916015625,133.928346255341,2226.22683796915,0.867005884647369,145.982391357422,7.45440217997384e-07,1
"359","NZL00002",120.511688232422,13.7728328704834,1367.78698730469,162.268876915508,1877.74117329448,0.223220214247704,0.0258076917380095,7.45440217997384e-07,0
"360","NZL00004",48.4153137207031,14.8229446411133,651.56298828125,1093.63417592922,1906.40079977777,0.27179491519928,0.00203846162185073,7.45440217997384e-07,0
"361","NZL00005",50.6728591918945,23.3985233306885,75.4357986450195,3.17263004896043,3803.05662585955,0.35684934258461,4.87265396118164,7.45440217997384e-07,0
"362","NZL00006",155.544570922852,21.3334579467773,1830.40734863281,60.7841484685542,3810.75179845033,0.392747908830643,7.34403848648071,7.45440217997384e-07,0
"363","NZL00007",114.02473449707,22.770694732666,272.699035644531,10.9770570081327,6589.04998287993,0.409561812877655,24.1301536560059,7.45440217997384e-07,0
"364","NZL00008",153.081481933594,28.6940040588379,312.069519042969,17.624665759708,6818.04029428756,0.398003727197647,0.0490769222378731,7.45440217997384e-07,0
"365","NZL00009",152.98974609375,21.414098739624,196.020385742188,20.0250891745366,3022.66777801631,0.374153852462769,3.23776912689209,7.45440217997384e-07,0
"366","NZL00010",1469.43286132812,20.2975692749023,706.736450195312,133.755675210495,2474.61193449307,0.410817325115204,0.0657307729125023,7.45440217997384e-07,1
"367","NZL00011",116.590782165527,21.4809417724609,137.944915771484,10.6511729577101,9106.99843481192,0.424430191516876,0.147538468241692,7.45440217997384e-07,0
"368","NZL00012",98.1444396972656,17.0834083557129,791.248352050781,1900.98071010731,14222.8658065726,0.483779340982437,61.2395401000977,7.45440217997384e-07,0
"369","NZL00013",107.034545898438,20.9294586181641,99499.4140625,1141.24830714829,7242.30034151452,0.724951922893524,258.327972412109,7.45440217997384e-07,1
"370","NZL00014",57.477481842041,16.566047668457,1002.91607666016,198.091710432281,8251.27610939806,0.344814389944076,0.0346538461744785,7.45440217997384e-07,0
"371","NZL00015",72.6861953735352,21.4733333587646,4108.32958984375,108.120869563439,13762.3972923155,0.441743016242981,25.1483459472656,7.45440217997384e-07,0
"372","NZL00016",125.693771362305,17.406322479248,3257.07495117188,17.8244572844139,13878.9492866244,0.428820967674255,10.1127691268921,7.45440217997384e-07,0
"373","NZL00017",40.6248359680176,18.823091506958,80.0879516601562,2.75273543607729,1167.16497991437,0.652194797992706,0.209153845906258,7.45440217997384e-07,0
"374","NZL00018",94.3198852539062,16.9992218017578,1282.037109375,155.923035376228,3011.43398644767,0.337500005960464,0.0311538465321064,7.45440217997384e-07,0
"375","NZL00019",83.0939788818359,14.2045345306396,2028.49865722656,98.2797336841092,3951.9784249209,0.539966940879822,30.0550384521484,7.45440217997384e-07,0
"376","NZL00020",55.7426948547363,11.2503681182861,2028.49865722656,98.2797336841092,3951.9784249209,0.362875312566757,0.125038459897041,7.45440217997384e-07,0
"377","NZL00021",83.3402557373047,15.9151458740234,807.755859375,173.100007526208,2870.10735496925,0.320547938346863,0.00899999961256981,7.45440217997384e-07,0
"378","NZL00022",108.983253479004,15.2685699462891,11749.3916015625,133.928346255341,2226.22683796915,0.866958558559418,146.095153808594,7.45440217997384e-07,1
"379","NZL00023",94.2188949584961,18.3569812774658,29.7771587371826,1.43253579410914,2572.2136945779,0.596885681152344,81.4576950073242,7.45440217997384e-07,0
"380","NZL00024",79.4199295043945,22.301097869873,3712.21850585938,0,0,0.297893673181534,0.0228461530059576,7.45440217997384e-07,0
"381","NZL00025",103.023155212402,19.1410789489746,1226.6708984375,161.198843490579,11333.0634156981,0.510274350643158,51.0899238586426,7.45440217997384e-07,1
"382","NZL00026",174.620880126953,24.9515285491943,2128.16943359375,118.467844843282,6448.79554037681,0.737208306789398,1.94396150112152,7.45440217997384e-07,0
"383","NZL00027",111.082992553711,23.0868225097656,880.879577636719,799.888387534689,12437.1550756554,0.334305137395859,0.0132307689636946,NA,0
"384","NZL00028",45.4467430114746,13.9036588668823,232.917465209961,3.97331232532209,2254.38885509927,0.545387923717499,213.153656005859,7.45440217997384e-07,0
"385","NZL00029",101.465003967285,15.143648147583,201.186660766602,20.4376392197158,2977.90342948917,0.648224413394928,94.3466186523438,7.45440217997384e-07,0
"386","NZL00030",381.940551757812,11.9285297393799,646.095153808594,28.5972296353331,5101.1770778622,0.292105257511139,0.00853846129029989,7.45440217997384e-07,0
"387","NZL00031",81.3312759399414,17.1357231140137,5047.5986328125,47.6155189189659,3918.24758703956,0.429814130067825,11.6893081665039,7.45440217997384e-07,0
"388","NZL00032",75.8170394897461,15.8937311172485,65207.88671875,241.359301228303,1738.19586413863,0.522427022457123,92.5935363769531,7.45440217997384e-07,1
"389","NZL00033",57.678466796875,16.8208198547363,1190.00512695312,17.4371998950534,5627.86429523447,0.330769240856171,0.00992307718843221,7.45440217997384e-07,0
"390","NZL00034",94.9910736083984,21.2345275878906,651.71923828125,43.5028308736111,2423.90366031605,0.348676651716232,0.011653846129775,7.45440217997384e-07,0
"391","NZL00035",189.635986328125,20.1638355255127,160.173355102539,8.40861518660488,3163.74714009177,0.441201835870743,0.984423100948334,7.45440217997384e-07,0
"392","NZL00036",62.3892555236816,17.092399597168,16.1019420623779,0.574013806115851,1758.42105899037,0.692322134971619,0.141499996185303,7.45440217997384e-07,0
"393","NZL00037",43.2249717712402,20.8483200073242,285.954040527344,3.52190369662773,1663.22436711694,0.464708596467972,62.8244247436523,7.45440217997384e-07,0
"394","NZL00038",123.66121673584,16.534761428833,37.421947479248,2.06611657307437,4482.71018458796,0.480073273181915,9.35415363311768,7.45440217997384e-07,0
"395","NZL00039",1990.08190917969,27.1951866149902,320.775238037109,8.83348089662237,3128.89029658288,0.393687456846237,29.8752307891846,7.45440217997384e-07,0
"396","NZL00040",2422.89282226562,22.9311065673828,34176.17578125,208.747505391846,691.995274957065,0.486025959253311,49.0646934509277,7.45440217997384e-07,1
"397","NZL00041",101.524360656738,25.420503616333,2.57113146781921,0.24249850457955,1416.99761920744,0.624432682991028,20.4798069000244,7.45440217997384e-07,0
"398","NZL00042",73.4083023071289,23.8101768493652,181.821380615234,2.84226392780418,2585.19708773772,0.555159270763397,77.5364227294922,7.45440217997384e-07,0
"399","NZL00043",115.314926147461,20.6589012145996,24.5351276397705,1.64658983346057,2671.4087537032,0.581015765666962,42.5061531066895,7.45440217997384e-07,0
"400","NZL00044",83.6660308837891,23.2071743011475,59040.13671875,127.353552404275,0.0145764634372348,0.445068895816803,27.6383838653564,7.45440217997384e-07,1
"401","NZL00045",51.1959075927734,27.4364471435547,1427.66052246094,2.17015798436439,614.854639542579,0.43370109796524,9.11207675933838,7.45440217997384e-07,0
"402","NZL00046",60.2328453063965,25.737943649292,1486.22351074219,124.217167344159,2285.2367537479,0.398666143417358,0.0413846150040627,7.45440217997384e-07,0
"403","NZL00047",88.7439422607422,27.8467617034912,301.485473632812,14.5232964635452,2914.12793923814,0.476635277271271,13.8691158294678,7.45440217997384e-07,0
"404","NZL00048",229.319595336914,24.9849529266357,336.287384033203,3.21478442315924,2921.72926178908,0.526910483837128,0.0681538432836533,7.45440217997384e-07,0
"405","NZL00049",95.1450424194336,24.5558261871338,13.8118772506714,1.17106224644167,1188.08572383809,0.562166690826416,85.7248458862305,7.45440217997384e-07,0
"406","NZL00050",44.2439460754395,13.6568880081177,93.2277069091797,1.29431221034289,753.658079889313,0.689963281154633,0.166307687759399,7.45440217997384e-07,0
"407","NZL00051",67.4472122192383,18.9481258392334,8.56629276275635,0,0,0.582058131694794,23.6415004730225,7.45440217997384e-07,0
"408","NZL00052",67.1868743896484,17.8834457397461,2136.73071289062,180.624105847643,708.99879568622,0.591732144355774,123.998611450195,7.45440217997384e-07,0
"409","NZL00053",44.985523223877,22.9404926300049,212.235916137695,3.424029866885,1150.80377761592,0.671226918697357,79.9364624023438,7.45440217997384e-07,0
"410","NZL00054",66.1923904418945,25.362434387207,13.3362951278687,0,0,0.637234330177307,3.38807702064514,7.45440217997384e-07,0
"411","NZL00055",84.2954177856445,23.0088024139404,430.812377929688,3.77493750848146,1948.78318291169,0.794207870960236,338.137756347656,7.45440217997384e-07,0
"412","NZL00056",26.352237701416,33.002799987793,66.8614501953125,0.257514638432136,1595.12584974382,0.559518277645111,47.1008071899414,7.45440217997384e-07,0
"413","NZL00057",64.0550842285156,26.7702713012695,10.5369338989258,0.188889897413147,910.003902154682,1.45677840709686,1.24319231510162,7.45440217997384e-07,0
"414","NZL00058",64.041633605957,14.4674835205078,27.2529239654541,2.34644469453396,1362.10016878568,0.537950158119202,45.2967681884766,7.45440217997384e-07,0
"415","NZL00059",79.2794494628906,17.9664325714111,108.416976928711,4.75458366254893,1381.49652927223,0.473655521869659,50.3455009460449,7.45440217997384e-07,0
"416","NZL00060",16.1434497833252,10.6996173858643,1950.15625,1679.00662058309,2918.57312220608,0.703844606876373,133.698883056641,7.45440217997384e-07,0
"417","NZL00061",307.134094238281,14.6353979110718,30814.443359375,2286.11477638238,1376.54821804921,0.742424309253693,0.0018846153980121,7.45440217997384e-07,1
"418","NZL00062",695.9013671875,23.9549522399902,1015.99426269531,939.471890390546,4030.85165798165,0.397531926631927,15.722846031189,7.45440217997384e-07,0
"419","NZL00063",128.944519042969,25.1657333374023,355.760406494141,396.51289513235,5680.69522953438,0.36950957775116,2.89846158027649,7.45440217997384e-07,0
"420","NZL00064",113.052528381348,18.2906150817871,60.1476135253906,0.164300066380381,870.944610783925,0.501505434513092,9.73123073577881,7.45440217997384e-07,0
"421","NZL00065",44.2046775817871,29.7910900115967,407.407562255859,2005.00727522921,3751.14372121055,0.895032525062561,370.494934082031,7.45440217997384e-07,0
"422","NZL00066",44.531566619873,20.0270442962646,407.407562255859,2005.00727522921,3751.14372121055,0.337644189596176,3.49546146392822,7.45440217997384e-07,0
"423","NZL00067",25.0600547790527,24.2687721252441,213.659027099609,23.7874898627866,1357.29084780765,0.854206502437592,380.722595214844,7.45440217997384e-07,0
"424","NZL00068",55.3728713989258,17.4402847290039,580.617614746094,35.6560259037474,298.379941580771,0.712218046188354,269.831207275391,7.45440217997384e-07,0
"425","NZL00069",79.2033004760742,24.2749214172363,121.502502441406,0,0,0.639443635940552,212.86784362793,7.45440217997384e-07,0
"426","NZL00070",114.829971313477,18.0040531158447,563.098754882812,39.3144399801409,251.949757076014,0.517350256443024,40.9287300109863,7.45440217997384e-07,0
"427","NZL00071",48.9665641784668,29.2102584838867,179.020095825195,29.7885489367723,1097.92306476284,0.914784014225006,564.619262695312,7.45440217997384e-07,0
"428","NZL00072",121.404960632324,29.9074363708496,1815.42175292969,46.3010458595888,1777.8676923922,0.391313344240189,10.5660772323608,7.45440217997384e-07,0
"429","NZL00073",134.53923034668,31.1217784881592,2090.369140625,41.6847084039535,1661.12509358191,0.346089959144592,0.673384606838226,7.45440217997384e-07,0
"430","NZL00074",118.137130737305,17.9934215545654,358.520477294922,38.9654729786658,2787.14327472553,0.405827552080154,21.4494228363037,7.45440217997384e-07,0
"431","NZL00075",65.5199890136719,15.2113761901855,1725.93688964844,277.694616594747,2402.7505249362,0.416426509618759,0.0666923075914383,7.45440217997384e-07,0
"432","NZL00076",93.524169921875,20.9362373352051,103.392013549805,8.64027661920784,4503.28622739762,0.573184609413147,80.8371505737305,7.45440217997384e-07,0
"433","NZL00077",111.766487121582,22.7533092498779,408.197326660156,14.9484686069497,3422.66310246302,0.559593021869659,0.0148076927289367,7.45440217997384e-07,0
"434","NZL00078",146.447021484375,11.5753498077393,380.151000976562,51.8282427272107,2792.58850350877,0.417900234460831,0.14115384221077,7.45440217997384e-07,0
"435","NZL00079",98.02734375,13.8320913314819,291.520660400391,25.205353295812,4512.59262657361,0.393531024456024,0.0056153847835958,7.45440217997384e-07,0
"436","NZL00080",73.2738800048828,13.6218671798706,518.122314453125,35.4224328648946,4067.76028603628,0.723197519779205,542.28466796875,7.45440217997384e-07,0
"437","NZL00081",47.0448379516602,18.5612602233887,132.745315551758,0,0,0.469774544239044,14.1572694778442,7.45440217997384e-07,0
"438","PAK00002",661.036743164062,155.613891601562,14637.4912109375,0,4030.66998285787,0.182802677154541,0.0324615389108658,55.4152755737305,0
"439","PAK00003",1185.19580078125,113.763290405273,199218.765625,0,16163.6262681237,0.146198853850365,0.000961538520641625,55.4152755737305,1
"440","PAK00004",460.032073974609,112.937446594238,779765.125,0,0,0.136363640427589,0.000692307716235518,55.4152755737305,1
"441","PAK00005",27.3409938812256,98.1326751708984,17952.705078125,0,0,0,0,55.4152755737305,0
"442","PAK00006",46.4664459228516,139.695266723633,6836.0009765625,0,6352.79416033209,0.490261018276215,2662.419921875,55.4152755737305,0
"443","PAN00001",24.3674583435059,63.5694274902344,15267.130859375,4477.25739873571,1369.39940140544,0.256932854652405,0.0295769236981869,29.0864715576172,1
"444","PAN00002",983.915771484375,67.1477890014648,1566.48608398438,295.150270261624,5170.77515321445,0.555883646011353,0.238923072814941,29.0864715576172,0
"445","PAN00003",42.4281463623047,68.1086807250977,31.3899078369141,NA,NA,0.333611816167831,0.0921538472175598,29.0864715576172,0
"446","PER00003",2.85254335403442,59.9672546386719,756212.4375,4534.91284241331,262.830348992228,0,0,30.9118061065674,1
"447","PHL00002",413.461669921875,75.3856887817383,138477.484375,0,0,0.349347949028015,62.2946929931641,32.9995155334473,NA
"448","POL00001",741.373046875,39.8217849731445,14648.7197265625,1470.75279966069,289.269402059004,0.495240658521652,63.2841148376465,7.38831663131714,0
"449","POL00002",104.974197387695,36.7606391906738,252311.78125,0,0,0.345276862382889,0.00407692324370146,7.38831663131714,1
"450","POL00003",897.894287109375,31.8231525421143,1896.7333984375,1229.13214838399,1001.99336199128,0.907470703125,885.636657714844,7.38831663131714,0
"451","POL00004",1810.22119140625,43.2671241760254,10751.7763671875,3955.01756573728,1484.61648372637,0.183018863201141,0.00746153853833675,0.862042427062988,0
"452","POL00005",25.3807926177979,43.9162139892578,381279.46875,30.0350279383276,15.4440108238575,0.241847842931747,0.00684615410864353,7.38831663131714,1
"453","POL00006",206.348007202148,24.8839244842529,16474.3046875,1059.62953554205,636.464665639688,0.787821352481842,495.236450195312,0.777708947658539,1
"454","POL00007",320.871276855469,32.6646537780762,182.542922973633,252.797228896939,558.424359330982,0.380441009998321,0.128076925873756,7.38831663131714,0
"455","PRT00001",5589.82421875,60.828010559082,22873.841796875,13781.1206246201,1163.36605441668,0.112812787294388,0.063461534678936,1.58247816562653,1
"456","RUS00009",139.461776733398,47.230297088623,3826.27978515625,20.8403856755772,5.30462294838838,0.25335893034935,0.00507692294195294,13.4956092834473,0
"457","RUS00015",372.192413330078,20.9604015350342,3628.79736328125,448.942035674761,411.141379912657,0.483671754598618,1009.40417480469,13.4956092834473,0
"458","SDN00002",0,157.419830322266,93682.84375,0,1936.86945537245,-0.0596026517450809,0.00103846157435328,74.0851211547852,1
"459","SEN00001",49.875431060791,147.117889404297,1078.89978027344,121.008748519229,1307.07632854066,-0.0149253746494651,7.69230828154832e-05,55.4351577758789,0
"460","SEN00002",27.5750598907471,154.519943237305,3436.38159179688,NA,NA,-0.00869565363973379,3.84615414077416e-05,55.4351577758789,0
"461","SEN00005",27.5792560577393,155.688446044922,2849.58374023438,93.5241262231843,1343.5134208285,-0.00595238106325269,3.84615414077416e-05,55.4351577758789,0
"462","SEN00006",76.0324401855469,153.589965820312,39715.83203125,274.443016638159,1877.65439065839,-0.0348432101309299,0.000384615414077416,55.4351577758789,1
"463","SEN00007",15.6667098999023,151.391723632812,9975.7119140625,0,984.745426250006,0.378949880599976,566.776306152344,55.4351577758789,0
"464","SEN00008",24.2356948852539,152.309661865234,11159.216796875,105.732588161111,1396.64611650393,-0.0477815717458725,0.000538461550604552,55.4351577758789,0
"465","SWE00004",NA,26.4533634185791,2681.32153320312,6.15406057732163,58.6199872441599,0.321917802095413,0.0144615387544036,0.69004487991333,1
"466","SWE00005",693.308715820312,19.8151206970215,6026.8603515625,1187.17218254391,479.951394570611,0.464372932910919,31.6261539459229,0.69004487991333,1
"467","SWE00006",NA,26.9181060791016,181.400650024414,30.6742694610947,40.1645602118279,0.21712538599968,0.00273076933808625,0.69004487991333,0
"468","SWE00007",NA,25.6094779968262,NA,0,0,0.477781057357788,63.9210395812988,0.69004487991333,NA
"469","THA00002",916.105285644531,80.4851455688477,111405.5390625,4103.97914361102,543.489036624819,0.358107179403305,840.633056640625,5.11420249938965,1
"470","THA00003",3048.39892578125,81.4665222167969,25113.05078125,5525.40985701781,993.222322092186,0.269196540117264,70.6151123046875,5.11420249938965,1
"471","THA00005",442.283508300781,93.0884704589844,278599.53125,2453.6716070099,1697.59275706466,0.302804708480835,549.000061035156,5.11420249938965,1
"472","THA00008",1133.12036132812,92.7873840332031,13061.62109375,6089.1564227798,3455.30436309703,0.399235963821411,2015.43664550781,5.11420249938965,0
"473","THA00009",243.107955932617,107.027252197266,70255.78125,1885.51304294056,2342.25360026695,0.135666504502296,0.0506923086941242,50.5180511474609,1
"474","THA00010",0,104.384132385254,3093.23364257812,0,0,0.103521309792995,0.0150384614244103,5.11420249938965,0
"475","THA00011",1010.62054443359,85.8340148925781,45874.2734375,1973.55880776015,1064.23243707931,0.309617906808853,116.231002807617,5.11420249938965,1
"476","THA00012",937.702758789062,101.522987365723,11299.611328125,397.143211334678,748.535342977781,0.29867234826088,118.734382629395,5.11420249938965,0
"477","THA00013",1297.90576171875,99.1054916381836,16873.2890625,1097.87225183484,2677.57900457453,0.119884736835957,0.00800000037997961,5.11420249938965,0
"478","THA00014",732.037963867188,89.0987091064453,30328.296875,2040.61180449437,3143.93446601588,0.265631854534149,238.499572753906,5.11420249938965,1
"479","THA00015",866.590393066406,84.5303268432617,9531.2783203125,865.432620770048,2288.92400075913,0.157469719648361,0.00450000027194619,5.11420249938965,0
"480","THA00016",229.223754882812,82.1321716308594,16793.384765625,662.429435488008,1274.05740109939,0.164383560419083,0.00415384629741311,5.11420249938965,0
"481","THA00017",127.880744934082,85.2032699584961,10933.89453125,667.319008249382,808.054415865094,0.255254328250885,64.0685806274414,5.11420249938965,0
"482","THA00018",1207.43957519531,79.9244384765625,7524.7490234375,0,0,0.176724150776863,0.00473076943308115,5.11420249938965,0
"483","THA00019",1141.38830566406,89.9117965698242,15261.884765625,481.786961225331,1837.54164470971,0.229449614882469,43.5170783996582,5.11420249938965,0
"484","THA00021",1145.95727539062,104.353797912598,19975.81640625,687.941096523759,2307.66356556886,0.305084198713303,641.782165527344,5.11420249938965,1
"485","THA00022",558.568115234375,78.8637847900391,16181.9765625,1569.75077927204,1596.32699418667,0.168994411826134,0.0046538463793695,5.11420249938965,0
"486","THA00023",399.048553466797,86.6744155883789,4209.76025390625,884.141052038767,3310.19093312983,0.289942681789398,190.286193847656,5.11420249938965,0
"487","THA00024",466.256469726562,84.9980316162109,10732.5654296875,560.875045225765,2693.67558764429,0.219921499490738,14.9350385665894,5.11420249938965,0
"488","THA00025",32.445198059082,104.990081787109,7907.45068359375,780.851828250826,813.098817463198,0.245395824313164,34.8250007629394,5.11420249938965,0
"489","THA00026",691.459289550781,83.6826248168945,11878.1123046875,965.574755422955,1579.0609277525,0.157774388790131,0.0159230772405863,5.11420249938965,1
"490","TUN00001",650.414733886719,52.8496551513672,3063.45825195312,4.44634634147528,653.385730972227,0.128947377204895,0.0018846153980121,16.2187881469727,0
"491","TUN00003",12.188666343689,39.1876754760742,1448.28356933594,2.49115756259082,346.593172148468,0.77142870426178,0.00207692314870656,16.2187881469727,0
"492","TUR00001",6619.12890625,30.3981285095215,67954.78125,3.23964422960184,4923.39903222917,0.319479465484619,1.47588455677032,10.5433950424194,1
"493","TUR00002",12851.9091796875,31.0839576721191,5878.62646484375,0,2105.84432854286,0.560965657234192,113.846305847168,10.5433950424194,0
"494","TUR00004",2275.7802734375,46.3738899230957,66423.609375,0.242571468827192,709.416507959399,0.367249131202698,4.3700385093689,10.5433950424194,0
"495","TUR00005",NA,42.1826057434082,12291.57421875,0.11526526715998,1231.0547057487,0.346245467662811,0.653884589672089,10.5433950424194,1
"496","TUR00006",72.0647048950195,42.1478614807129,12291.57421875,0.11526526715998,1231.0547057487,0.342461228370667,0.753730773925781,10.5433950424194,1
"497","TUR00007",97.5098724365234,45.6443290710449,3847.81323242188,0.0853285665227717,683.580676034492,0.225767254829407,0.0285769235342741,10.5433950424194,0
"498","TUR00008",123.504333496094,41.7973365783691,12291.57421875,0.11526526715998,1231.0547057487,0.230231285095215,0.0164615381509066,10.5433950424194,1
"499","TUR00009",0,41.7534141540527,5638.52490234375,0.112895443366504,1037.81420905392,0.369814246892929,0.127884611487389,10.5433950424194,0
"500","TUR00010",1283.53234863281,41.7637901306152,4162.93701171875,0.113000586795856,1102.92625918836,0.358360558748245,0.118038460612297,10.5433950424194,0
"501","TUR00011",839.351928710938,42.4777717590332,12291.57421875,0.11526526715998,1231.0547057487,0.230440959334374,0.0186923071742058,10.5433950424194,1
"502","TUR00012",88.8060989379883,41.6697959899902,12291.57421875,0.11526526715998,1231.0547057487,0.221626743674278,0.027038462460041,10.5433950424194,1
"503","TUR00013",379.949035644531,41.8130493164062,11779.50390625,0.11123932272839,1332.66026898795,0.340719252824783,0.826807677745819,10.5433950424194,1
"504","TUR00014",379.949035644531,41.8130493164062,11779.50390625,0.11123932272839,1332.66026898795,0.340719252824783,0.826807677745819,10.5433950424194,1
"505","TZA00001",72.6538696289062,63.4901504516602,4839.07275390625,142.318435870391,5545.53584793581,0.324210524559021,0.00592307699844241,84.4439849853516,0
"506","TZA00003",131.380737304688,63.8014907836914,5006.20703125,77.5529482109187,1867.62933330397,0.475799828767776,0.0223076920956373,84.4439849853516,0
"507","TZA00004",6.20207166671753,72.6145401000977,8127.8115234375,32.7477544407492,6478.0845106665,0.176328495144844,0.0028076923917979,84.4439849853516,0
"508","TZA00005",58.2502098083496,83.4179611206055,279.792755126953,0.136949662927909,481.464246181859,0.424813866615295,599.870056152344,84.4439849853516,0
"509","TZA00007",255.4775390625,58.1491355895996,53785.10546875,9.99575963528435,2921.42730089719,0.60505336523056,1.02142310142517,84.4439849853516,1
"510","TZA00008",11.1500492095947,93.236572265625,45088.40625,49.8760469561768,10535.2649837733,0.298460394144058,0.189384609460831,84.4439849853516,0
"511","UGA00001",0,37.461742401123,16973.81640625,0,0,0.436614543199539,0.0912692323327064,82.0011444091797,NA
"512","UGA00002",0,45.4604072570801,NA,0,0,-0.142857149243355,0.00126923085190356,82.0011444091797,NA
"513","UGA00003",0,44.9309844970703,NA,0,0,-0.378378421068191,0.00215384620241821,82.0011444091797,NA
"514","UGA00005",34.5838813781738,41.7414703369141,3258.61450195312,179.703846814137,3701.99099646588,-2.36619806289673,0.00646153837442398,82.0011444091797,0
"515","URY00001",75.0611877441406,9.68863773345947,2281.419921875,1177.53787489218,4626.76161987226,0.214736849069595,0.00392307713627815,5.2235164642334,1
"516","URY00003",27.9891262054443,27.0467262268066,107112.359375,783.531844271082,2969.33873018783,0.225461274385452,0.0235000010579824,5.2235164642334,1
"517","URY00004",8.92643260955811,29.3412322998047,18376.423828125,243.265909759676,3206.0835191937,0.563230276107788,5384.2958984375,5.2235164642334,1
"518","URY00005",181.285247802734,19.8920917510986,9752.939453125,NA,NA,NA,NA,5.2235164642334,1
"519","USA00001",898.530151367188,21.8355293273926,15937.36328125,33.6450280565054,257.909505258283,0.451604276895523,0.0649615377187729,0.031795758754015,1
"520","USA00002",65.4870071411133,59.4780807495117,528.828857421875,0.856398140736105,9.62824675093396,0.874565243721008,4809.53857421875,0.031795758754015,0
"521","USA00003",NA,64.5788879394531,547.597778320312,197.791924231116,38.2660786815625,0.200000002980232,0.00288461544550955,0.031795758754015,0
"522","USA00004",1203.7998046875,24.7869529724121,3795.19897460938,1658.42348983615,1021.58260183111,0.882056951522827,2329.10522460938,0.031795758754015,0
"523","USA00005",70.0246963500977,13.8426103591919,113790.3515625,130.154265220013,450.862937710142,0.505942702293396,959.109924316406,0.031795758754015,1
"524","USA00006",28.8006916046143,46.291618347168,12.7698259353638,0.000357097111341238,235.547261292063,0.749898731708527,183.098541259766,0.031795758754015,1
"525","USA00007",54.4561805725098,11.2932767868042,117827.1796875,4.42760546585075,27.3983677969216,0.423131853342056,0.0683846175670624,0.031795758754015,1
"526","USA00008",133.436828613281,12.9270792007446,94841.2578125,11.8369567089485,76.8132677660585,0.486534178256989,334.379547119141,0.031795758754015,1
"527","USA00009",12.7732133865356,15.6327047348022,399.713134765625,3.36782328548546,513.602839304339,0.705271124839783,8592.025390625,0.031795758754015,0
"528","USA00010",1279.09765625,56.7994613647461,171666.65625,24.124965945008,353.757166577356,0.175732225179672,0.00161538471002132,0.031795758754015,1
"529","USA00011",1557.0986328125,92.4502487182617,24050.67578125,41.313443315087,365.954936908329,0.361561506986618,543.460205078125,0.031795758754015,1
"530","USA00012",6.66232013702393,18.3395214080811,1438.58679199219,23.4977777882063,126.258775791534,0.448015689849854,733.404907226562,0.031795758754015,1
"531","USA00013",116.24486541748,61.8095169067383,13.9634323120117,0.283386271304459,1281.29690254686,0.374874770641327,2.44611549377441,0.031795758754015,0
"532","USA00014",12.1595478057861,23.2155742645264,7172.73046875,10.5328109528068,1021.33950034605,0.511763870716095,575.553405761719,0.031795758754015,0
"533","USA00015",1050.89135742188,14.7608690261841,12967.1083984375,7.09348736620837,86.1778386339238,0.654639661312103,2132.6259765625,0.031795758754015,1
"534","USA00016",NA,48.7966079711914,36.9469985961914,5.17848811250046,52.377276581122,0.292344778776169,0.373076915740967,0.031795758754015,0
"535","USA00017",96.2169799804688,18.8123588562012,44487.05859375,11.9496062957965,451.702592377773,0.467938601970673,421.620910644531,0.031795758754015,1
"536","USA00018",12.0418844223022,20.8901748657227,0,NA,NA,0.186008229851723,0.0086923073977232,0.031795758754015,NA
"537","USA00019",72.73828125,18.9471645355225,49867.08984375,1.35843475713925,49.8022620292581,1.21863734722137,6094.79638671875,0.373447775840759,1
"538","USA00020",NA,15.1604709625244,0,NA,NA,0.2553870677948,0.0123076923191547,0.373447775840759,0
"539","USA00021",0,14.0805006027222,21280.14453125,0.790054436226283,394.910624403161,1.35039925575256,8873.0791015625,0.031795758754015,1
"540","VNM00001",144.20166015625,79.4055786132812,295372.96875,30069.3047121804,1914.04238088937,0.155705451965332,0.0106538459658623,33.6835594177246,1
"541","VNM00002",2570.28515625,76.9436874389648,66288.890625,11486.7360122528,250.313162259061,0.231087639927864,9.01165390014648,33.6835594177246,0
"542","VNM00003",1884.06176757812,72.4109573364258,0,8826.22211070376,473.595949090683,0.202122822403908,0.153807699680328,33.6835594177246,0
"543","VNM00004",2180.1748046875,77.8756713867188,0,11051.7002960892,338.757358657627,0.201027393341064,0.0225769225507975,33.6835594177246,1
"544","VNM00005",1944.87451171875,71.1995849609375,231931.4375,2568.1976361188,462.782715246362,0.213036581873894,0.00515384646132588,33.6835594177246,1
"545","VNM00006",2127.36889648438,78.5951156616211,123864.2109375,13332.5506909411,1209.36399366396,0.14397905766964,0.00634615402668715,33.6835594177246,0
"546","VNM00007",1137.42175292969,82.6260986328125,71197.796875,21368.8272996993,483.571794124854,0.158653855323792,0.00507692294195294,33.6835594177246,0
"547","VNM00008",427.456878662109,76.2242736816406,7506.16552734375,1397.57684642237,2.98176989132106,0.181818187236786,0.050923079252243,33.6835594177246,0
"548","VNM00009",2151.56616210938,78.3313064575195,83598.7734375,22436.1765231118,136.705893404986,0.141876429319382,0.00476923072710633,33.6835594177246,0
"549","VNM00010",1255.58581542969,75.7183303833008,14054.181640625,2154.0633979354,12.7701755227168,0.184364065527916,0.00607692310586572,33.6835594177246,0
"550","VNM00011",2347.81323242188,75.141357421875,46019.1015625,9381.44643497802,59.3115553785684,0.195054948329926,0.00546153867617249,33.6835594177246,0
"551","VNM00012",2860.38842773438,73.6224517822266,24665.974609375,3628.64287747043,41.6704865888709,0.199718728661537,0.00546153867617249,33.6835594177246,0
"552","VNM00013",225.806518554688,71.9078598022461,7684.2451171875,947.764403626512,22.6706115744644,0.180089026689529,0.0171153843402863,33.6835594177246,0
"553","VNM00014",3845.69018554688,72.8733367919922,18404.990234375,1818.57193947392,94.4729395406954,0.166461154818535,0.00519230775535107,33.6835594177246,0
"554","VNM00015",3297.11499023438,73.0287551879883,25473.150390625,3976.02823648484,197.650534900682,0.174921646714211,0.0107307694852352,33.6835594177246,0
"555","VNM00016",1648.48291015625,73.7514724731445,21602.466796875,1985.80320888135,90.0925037049651,0.177027016878128,0.0100769232958555,33.6835594177246,0
"556","VNM00017",3276.67358398438,74.3660507202148,21602.466796875,1985.80320888135,90.0925037049651,0.179542720317841,0.0573846139013767,33.6835594177246,0
"557","VNM00018",3178.02270507812,76.0638961791992,55951.9375,9413.98651217565,517.367724662252,0.194524481892586,0.00519230775535107,33.6835594177246,0
"558","VNM00019",2379.35522460938,74.462287902832,60305.7578125,7246.27907752307,118.12278694005,0.237196773290634,0.00676923105493188,33.6835594177246,0
"559","VNM00020",3001.07568359375,78.9143829345703,45139.640625,7024.51001295964,169.994858397879,0.170333132147789,0.0416923090815544,33.6835594177246,0
"560","VNM00021",3471.4287109375,78.3605041503906,22926.052734375,5795.45287019406,13.4096628980641,0.257692068815231,8.32984638214111,33.6835594177246,0
"561","VNM00022",3987.16943359375,77.0700988769531,60042.75,8251.81585282207,215.858549388023,0.160975605249405,0.0101538458839059,33.6835594177246,0
"562","VNM00023",1490.14685058594,79.909065246582,50125.15234375,8083.30592465283,22.4891923288276,0.187224119901657,0.114192306995392,33.6835594177246,0
"563","VNM00024",3975.29248046875,77.434814453125,31791.23046875,5156.02646596845,2.71837414351099,0.206977501511574,0.783346176147461,33.6835594177246,0
"564","VNM00025",3769.59106445312,77.3602066040039,41177.73046875,7898.66971496817,31.1003518104481,0.165217384696007,0.0116923078894615,33.6835594177246,0
"565","VNM00026",3908.67211914062,77.0105056762695,9530.765625,14339.9942742149,8.28420838849865,0.180866420269012,0.255153834819794,33.6835594177246,0
"566","VNM00027",4054.61010742188,76.305534362793,6849.146484375,14303.5426266822,8.34171826429657,0.186683356761932,0.103307694196701,33.6835594177246,0
"567","VNM00028",3617.54663085938,77.4697875976562,12972.00390625,4971.96730275236,3.75725961667205,0.144495412707329,0.00969230756163597,33.6835594177246,0
"568","VNM00029",4444.3486328125,76.6133346557617,10277.39453125,6460.24228881679,9.51646463164402,0.289371341466904,37.6256523132324,33.6835594177246,0
"569","VNM00030",4175.12353515625,76.2557907104492,6846.0322265625,5652.41678841591,5.78734780785048,0.153010860085487,0.0119230765849352,33.6835594177246,0
"570","VNM00031",4410.97216796875,74.6920623779297,15639.65625,2396.62395738602,0.943770388130608,0.192065104842186,0.282269239425659,33.6835594177246,0
"571","VNM00032",3818.09497070312,73.400260925293,22056.62890625,4853.46442447055,1.49222681016443,0.139770016074181,0.0271153841167688,33.6835594177246,0
"572","VNM00033",543.38330078125,71.0330429077148,121849.6796875,4543.36467123175,8.34706032725292,0.257532179355621,6.10573101043701,33.6835594177246,1
"573","VNM00034",5234.3046875,72.1132736206055,116303.7578125,6867.4840067905,42.6224412426069,0.162258759140968,0.00873076915740967,33.6835594177246,0
"574","VNM00035",3276.58520507812,70.9340133666992,14760.0703125,3319.34042579239,8.99311829718414,0.175755381584167,0.0745000019669533,33.6835594177246,0
"575","VNM00036",3686.66674804688,69.2649917602539,29244.822265625,1532.5440716379,15.3975029110038,0.156212314963341,0.00996153894811869,33.6835594177246,0
"576","VNM00037",29.0446395874023,67.1246795654297,16294.1572265625,542.798454771353,14.5969418921757,0.223292365670204,1.65588462352753,33.6835594177246,0
"577","VNM00038",2581.37329101562,71.57177734375,50351.3203125,4192.67021153643,356.072527013922,0.208687469363213,0.008500000461936,33.6835594177246,0
"578","VNM00039",2251.11645507812,73.0164489746094,45263.19921875,5108.89752659002,148.495233143718,0.186612576246262,0.00707692326977849,33.6835594177246,0
"579","VNM00040",2845.630859375,73.7789077758789,52978.953125,7145.22925600995,163.431002481847,0.213282257318497,0.0064230770803988,33.6835594177246,0
"580","VNM00041",2163.52587890625,69.4117813110352,6215.34765625,791.393066846441,332.647203968221,0.161048695445061,0.00661538448184729,33.6835594177246,0
"581","VNM00042",229.596542358398,64.9103240966797,5505.361328125,259.452130393403,107.244629441615,0.122407697141171,0.00930769275873899,33.6835594177246,0
"582","VNM00043",2757.40356445312,67.1013488769531,33259.22265625,1358.97267619676,1418.44726762056,0.149558126926422,0.00846153870224953,33.6835594177246,0
"583","VNM00044",3061.23486328125,69.6062469482422,28538.8203125,2312.05485038216,5133.9332191685,0.179706022143364,0.0145769231021404,33.6835594177246,0
"584","VNM00045",2659.56176757812,72.03515625,77838.484375,1959.29187744109,111.017061692502,0.194105684757233,0.00734615372493863,33.6835594177246,0
"585","VNM00046",2324.57104492188,73.6709518432617,125735.609375,5554.65727366879,639.565180721242,0.232035934925079,0.00596153829246759,33.6835594177246,0
"586","VNM00047",2051.77490234375,72.126823425293,96445.9296875,3580.93681553159,700.150622278914,0.213662788271904,0.0169615391641855,33.6835594177246,0
"587","VNM00048",1410.15612792969,68.8160781860352,36716.99609375,2586.17313280722,3779.1781326551,0.254427462816238,5.70073080062866,33.6835594177246,0
"588","VNM00049",66.3899230957031,73.6262893676758,2590.765625,924.738157523274,46.4389848491805,0.399206906557083,104.900268554688,33.6835594177246,0
"589","VNM00050",1972.30786132812,77.2610549926758,32038.02734375,9748.56756580615,1142.73557056381,0.366694957017899,208.364761352539,33.6835594177246,0
"590","VNM00051",1844.392578125,83.2458572387695,6709.5595703125,1181.40000473069,137.693586490417,0.249311670660973,0.0696538463234901,33.6835594177246,0
"591","VNM00052",62.4700126647949,85.8307952880859,147.607574462891,658.173696073497,530.216102723373,0.540035784244537,0.104538463056087,33.6835594177246,0
"592","VNM00053",2236.5390625,91.5835494995117,11404.880859375,2014.37651183552,2602.17612302154,0.373491555452347,112.94792175293,33.6835594177246,0
"593","VNM00054",2333.97241210938,71.2153549194336,23468.255859375,2824.28193083417,2686.89078433626,0.434175282716751,0.0872692316770554,33.6835594177246,0
"594","ZAF00001",0.044085431843996,52.7144050598145,10.022970199585,0.758360499643699,35.2882334072684,0.295348078012466,49.7053451538086,33.5170021057129,0
"595","ZAF00002",17.9522933959961,74.9465484619141,117.805038452148,6.18914578472616,244.227426970457,0.385120540857315,77.374267578125,33.5170021057129,0
"596","ZAF00003",49.4701919555664,75.1326675415039,445.455444335938,34.9429360163918,308.548123241292,0.236753791570663,24.3180389404297,33.5170021057129,0
"597","ZAF00004",70.1622314453125,73.4174575805664,2297.72021484375,656.00020594954,1801.25071846445,0.243181928992271,30.2458839416504,33.5170021057129,1
"598","ZAF00005",125.522361755371,79.8631286621094,4521.65234375,416.778790496775,1635.73682925467,0.324165046215057,0.0126923080533743,33.5170021057129,0
"599","ZAF00006",38.6498069763184,90.3054733276367,202.057373046875,22.4847861157911,428.319461133098,0.208374559879303,21.5746536254883,33.5170021057129,0
"600","ZAF00007",39.5152359008789,85.8714294433594,24547.154296875,114.33140971424,1126.85175928555,-0.0270270314067602,3.84615414077416e-05,33.5170021057129,0
"601","ZAF00008",89.91259765625,83.4283905029297,3188.3916015625,46.4856235884,710.19664199229,0.300850391387939,42.3331527709961,33.5170021057129,0
"602","ZAF00009",20.7481021881104,75.0591812133789,7191.7607421875,33.1230847516141,1321.05059165296,0.359094023704529,85.1573867797852,33.5170021057129,0
"603","ZAF00010",224.432647705078,43.0974349975586,52608.7578125,186.134359025396,2107.02582216285,0.176961615681648,0.00407692324370146,33.5170021057129,0
"604","ZAF00011",92.8638610839844,54.4926872253418,2537.8310546875,82.5621735210712,1716.95857906133,0.361502021551132,11.3178081512451,33.5170021057129,0
"605","ZAF00012",108.650871276855,42.8839912414551,1320.11975097656,77.717381309605,1397.9672794202,0.358801484107971,24.1188850402832,33.5170021057129,0
"606","ZAF00013",106.351516723633,23.7812366485596,955.843017578125,34.7507873643194,1370.69948388933,0.09022556245327,0.00138461543247104,33.5170021057129,0
"607","ZAF00014",420.554565429688,27.3797435760498,901.322082519531,3.79211094557126,453.224431717122,0.194117665290832,0.00126923085190356,33.5170021057129,0
"608","ZAF00015",1270.91955566406,65.7897720336914,5370.25,963.129826574558,811.833208285282,0.243010565638542,2.76407694816589,33.5170021057129,0
"609","ZAF00016",93.1166076660156,67.9915008544922,349.890991210938,27.9084279987555,304.631673560232,0.271992594003677,1.99484610557556,33.5170021057129,0
"610","ZAF00024",153.882217407227,79.7471313476562,1265.22741699219,0.973599993264754,1297.58321513571,0.344341546297073,4.54207706451416,33.5170021057129,0
"611","ZAF00025",81.4887847900391,83.669059753418,1255.02917480469,6.70156066109641,617.132155680805,0.315015882253647,52.946460723877,33.5170021057129,0
"612","ZAF00026",589.335632324219,56.6402740478516,598.896179199219,4.17034604941571,1371.15728126613,0.324547052383423,17.60426902771,33.5170021057129,0
"613","ZAF00027",1161.14050292969,17.695671081543,426.387786865234,107.027365970523,388.731555307786,0.301737606525421,3.29203844070435,33.5170021057129,0
"614","ZAF00028",224.850997924805,75.9089431762695,287.420806884766,61.6131957681636,2206.21922995302,0.417701870203018,0.0413846150040627,33.5170021057129,0
"615","ZAF00029",24.711109161377,92.0446853637695,1939.68933105469,50.0276493133953,602.303816312435,0.236320078372955,52.0532684326172,33.5170021057129,0
