"average_flow","flash_flow","precip_variability","population","proportion_urban","percent_no_sanitation","depth_to_groundwater","clay_percent","sand_percent","n_export","noxn"
0.246730774641037,0.191475391387939,96.8162094869233,92.8472366333008,0,8.91655731201172,281,31,44,6752.6015625,0.02
0.246730774641037,0.191475391387939,96.8162094869233,92.8472366333008,0,8.91655731201172,281,31,44,6752.6015625,0.052
0.246730774641037,0.191475391387939,96.8162094869233,92.8472366333008,0,8.91655731201172,281,31,44,6752.6015625,0.03
0.246730774641037,0.191475391387939,96.8162094869233,92.8472366333008,0,8.91655731201172,281,31,44,6752.6015625,0.07
0.246730774641037,0.191475391387939,96.8162094869233,92.8472366333008,0,8.91655731201172,281,31,44,6752.6015625,0.03
0.246730774641037,0.191475391387939,96.8162094869233,92.8472366333008,0,8.91655731201172,281,31,44,6752.6015625,0.5075
95.0671920776367,0.2436603307724,88.9941906948976,563039.8125,0.790000021457672,64.2270202636719,3,25,39,21288.427734375,0.63
95.0671920776367,0.2436603307724,88.9941906948976,563039.8125,0.790000021457672,64.2270202636719,3,25,39,21288.427734375,0.82
0.883153855800629,0.235563263297081,88.1504083743696,101507.453125,0,64.2270202636719,9,26,33,305387.9375,0.846
0.883153855800629,0.235563263297081,88.1504083743696,101507.453125,0,64.2270202636719,9,26,33,305387.9375,1.3625
0.883153855800629,0.235563263297081,88.1504083743696,101507.453125,0,64.2270202636719,9,26,33,305387.9375,2.107
0.876653850078583,0.24591101706028,84.9116197596042,431379.25,1,64.2270202636719,15,32,33,234914.828125,1.1
0.876653850078583,0.24591101706028,84.9116197596042,431379.25,1,64.2270202636719,15,32,33,234914.828125,6.801
0.876653850078583,0.24591101706028,84.9116197596042,431379.25,1,64.2270202636719,15,32,33,234914.828125,1.214
0.876653850078583,0.24591101706028,84.9116197596042,431379.25,1,64.2270202636719,15,32,33,234914.828125,1.0055
0,0,15.5287074081603,25526.83984375,0.979591846466064,0.373447775840759,255,8,62,10581.5439453125,0.0533333333333333
0,0,15.5287074081603,25526.83984375,0.979591846466064,0.373447775840759,255,8,62,10581.5439453125,0.01
0,0,15.5287074081603,25526.83984375,0.979591846466064,0.373447775840759,255,8,62,10581.5439453125,0.01
0,0,15.5287074081603,25526.83984375,0.979591846466064,0.373447775840759,255,8,62,10581.5439453125,0.0275
0,0,15.5287074081603,25526.83984375,0.979591846466064,0.373447775840759,255,8,62,10581.5439453125,0.0225
11.90553855896,0.425594180822372,91.0513699256023,1665.04992675781,0.0199999995529652,3.99889707565308,758,25,64,47179.14453125,10.003
11.90553855896,0.425594180822372,91.0513699256023,1665.04992675781,0.0199999995529652,3.99889707565308,758,25,64,47179.14453125,12.9412
11.90553855896,0.425594180822372,91.0513699256023,1665.04992675781,0.0199999995529652,3.99889707565308,758,25,64,47179.14453125,21.4326
11.90553855896,0.425594180822372,91.0513699256023,1665.04992675781,0.0199999995529652,3.99889707565308,758,25,64,47179.14453125,12.525
11.90553855896,0.425594180822372,91.0513699256023,1665.04992675781,0.0199999995529652,3.99889707565308,758,25,64,47179.14453125,5.87
11.90553855896,0.425594180822372,91.0513699256023,1665.04992675781,0.0199999995529652,3.99889707565308,758,25,64,47179.14453125,17.106
11.90553855896,0.425594180822372,91.0513699256023,1665.04992675781,0.0199999995529652,3.99889707565308,758,25,64,47179.14453125,18.4825
11.90553855896,0.425594180822372,91.0513699256023,1665.04992675781,0.0199999995529652,3.99889707565308,758,25,64,47179.14453125,10.11
11.90553855896,0.425594180822372,91.0513699256023,1665.04992675781,0.0199999995529652,3.99889707565308,758,25,64,47179.14453125,18.06475
0.00023076924844645,-0.0335195548832417,26.6469355010596,2552.42065429688,0.550000011920929,6.8978099822998,370,24,41,721.132568359375,0
0,0,80.9143692979093,328135.96875,0.955555558204651,0.0966705307364464,554,20,44,1888.375,2.15555555555556
0,0,80.9143692979093,328135.96875,0.955555558204651,0.0966705307364464,554,20,44,1888.375,2.01714285714286
0,0,80.9143692979093,328135.96875,0.955555558204651,0.0966705307364464,554,20,44,1888.375,2.49666666666667
0.64307689666748,0.387773066759109,28.7070798159819,101104.9609375,0.899999976158142,0.878557801246643,223,21,42,15616.5390625,7.8
0.64307689666748,0.387773066759109,28.7070798159819,101104.9609375,0.899999976158142,0.878557801246643,223,21,42,15616.5390625,2.9
0.64307689666748,0.387773066759109,28.7070798159819,101104.9609375,0.899999976158142,0.878557801246643,223,21,42,15616.5390625,4.2
0.641153812408447,0.2920922935009,23.7324785820276,7272.9921875,0,1.98082733154297,7,15,50,45873.24609375,0
0.641153812408447,0.2920922935009,23.7324785820276,7272.9921875,0,1.98082733154297,7,15,50,45873.24609375,0
0.641153812408447,0.2920922935009,23.7324785820276,7272.9921875,0,1.98082733154297,7,15,50,45873.24609375,0
0.641153812408447,0.2920922935009,23.7324785820276,7272.9921875,0,1.98082733154297,7,15,50,45873.24609375,0
0.641153812408447,0.2920922935009,23.7324785820276,7272.9921875,0,1.98082733154297,7,15,50,45873.24609375,0
0.641153812408447,0.2920922935009,23.7324785820276,7272.9921875,0,1.98082733154297,7,15,50,45873.24609375,0
0.641153812408447,0.2920922935009,23.7324785820276,7272.9921875,0,1.98082733154297,7,15,50,45873.24609375,0
0,0,67.5157972442506,8730.6572265625,0.5,44.7603530883789,3,27,48,9748.5927734375,0.004
0,0,67.5157972442506,8730.6572265625,0.5,44.7603530883789,3,27,48,9748.5927734375,0.004
80.9063491821289,0.59355753660202,47.0168711998477,843116.375,1,44.7603530883789,80,30,42,106241.3125,1.044
80.9063491821289,0.59355753660202,47.0168711998477,843116.375,1,44.7603530883789,80,30,42,106241.3125,0.01
80.9063491821289,0.59355753660202,47.0168711998477,843116.375,1,44.7603530883789,80,30,42,106241.3125,0.295
123.281692504883,0.418991833925247,60.744581724683,82539.6171875,0.0299999993294477,44.7603530883789,54,33,33,479795.59375,0.035
123.281692504883,0.418991833925247,60.744581724683,82539.6171875,0.0299999993294477,44.7603530883789,54,33,33,479795.59375,1.3
123.281692504883,0.418991833925247,60.744581724683,82539.6171875,0.0299999993294477,44.7603530883789,54,33,33,479795.59375,0.055
56.0131530761719,0.410478144884109,66.4845021688684,230252.5625,0.980000019073486,44.7603530883789,24,33,35,479795.59375,0.335
56.0131530761719,0.410478144884109,66.4845021688684,230252.5625,0.980000019073486,44.7603530883789,24,33,35,479795.59375,0.01
56.0131530761719,0.410478144884109,66.4845021688684,230252.5625,0.980000019073486,44.7603530883789,24,33,35,479795.59375,0.07
219.508697509766,0.439715713262558,90.300823718011,236141.5625,0.990000009536743,44.7603530883789,14,28,40,295327.9375,0.37
219.508697509766,0.439715713262558,90.300823718011,236141.5625,0.990000009536743,44.7603530883789,14,28,40,295327.9375,0.045
219.508697509766,0.439715713262558,90.300823718011,236141.5625,0.990000009536743,44.7603530883789,14,28,40,295327.9375,0.235
0.312076926231384,0.112371377646923,151.492633757541,618657.5,0.879999995231628,64.8115615844727,38,27,43,279426.4375,34.3245
0.312076926231384,0.112371377646923,151.492633757541,618657.5,0.879999995231628,64.8115615844727,38,27,43,279426.4375,33.0013333333333
0.312076926231384,0.112371377646923,151.492633757541,618657.5,0.879999995231628,64.8115615844727,38,27,43,279426.4375,21.66
0.312076926231384,0.112371377646923,151.492633757541,618657.5,0.879999995231628,64.8115615844727,38,27,43,279426.4375,15
0.312076926231384,0.112371377646923,151.492633757541,618657.5,0.879999995231628,64.8115615844727,38,27,43,279426.4375,21.14675
0.312076926231384,0.112371377646923,151.492633757541,618657.5,0.879999995231628,64.8115615844727,38,27,43,279426.4375,30.9213333333333
0.312076926231384,0.112371377646923,151.492633757541,618657.5,0.879999995231628,64.8115615844727,38,27,43,279426.4375,16.4328333333333
0.312076926231384,0.112371377646923,151.492633757541,618657.5,0.879999995231628,64.8115615844727,38,27,43,279426.4375,21.7825
0.312076926231384,0.112371377646923,151.492633757541,618657.5,0.879999995231628,64.8115615844727,38,27,43,279426.4375,26.0303333333333
0.312076926231384,0.112371377646923,151.492633757541,618657.5,0.879999995231628,64.8115615844727,38,27,43,279426.4375,16.8748333333333
0.312076926231384,0.112371377646923,151.492633757541,618657.5,0.879999995231628,64.8115615844727,38,27,43,279426.4375,14.0612
0.312076926231384,0.112371377646923,151.492633757541,618657.5,0.879999995231628,64.8115615844727,38,27,43,279426.4375,14.8080833333333
0.312076926231384,0.112371377646923,151.492633757541,618657.5,0.879999995231628,64.8115615844727,38,27,43,279426.4375,29.921
0.312076926231384,0.112371377646923,151.492633757541,618657.5,0.879999995231628,64.8115615844727,38,27,43,279426.4375,28.0385
0.312076926231384,0.112371377646923,151.492633757541,618657.5,0.879999995231628,64.8115615844727,38,27,43,279426.4375,15.1496666666667
0.312076926231384,0.112371377646923,151.492633757541,618657.5,0.879999995231628,64.8115615844727,38,27,43,279426.4375,16.2201818181818
0.312076926231384,0.112371377646923,151.492633757541,618657.5,0.879999995231628,64.8115615844727,38,27,43,279426.4375,28.2235
0.312076926231384,0.112371377646923,151.492633757541,618657.5,0.879999995231628,64.8115615844727,38,27,43,279426.4375,34.1544166666667
0.312076926231384,0.112371377646923,151.492633757541,618657.5,0.879999995231628,64.8115615844727,38,27,43,279426.4375,33.0266666666667
0.312076926231384,0.112371377646923,151.492633757541,618657.5,0.879999995231628,64.8115615844727,38,27,43,279426.4375,24.0263333333333
0.312076926231384,0.112371377646923,151.492633757541,618657.5,0.879999995231628,64.8115615844727,38,27,43,279426.4375,33.5975
0.312076926231384,0.112371377646923,151.492633757541,618657.5,0.879999995231628,64.8115615844727,38,27,43,279426.4375,20.5883333333333
0.576384603977203,0.124236270785332,153.164966193276,9654.3916015625,0,64.8115615844727,178,32,39,141254.96875,1.31108333333333
0.576384603977203,0.124236270785332,153.164966193276,9654.3916015625,0,64.8115615844727,178,32,39,141254.96875,1.7
0.576384603977203,0.124236270785332,153.164966193276,9654.3916015625,0,64.8115615844727,178,32,39,141254.96875,1.78575
0.576384603977203,0.124236270785332,153.164966193276,9654.3916015625,0,64.8115615844727,178,32,39,141254.96875,0.8156
0.576384603977203,0.124236270785332,153.164966193276,9654.3916015625,0,64.8115615844727,178,32,39,141254.96875,3.49727272727273
0.576384603977203,0.124236270785332,153.164966193276,9654.3916015625,0,64.8115615844727,178,32,39,141254.96875,1.63333333333333
0.576384603977203,0.124236270785332,153.164966193276,9654.3916015625,0,64.8115615844727,178,32,39,141254.96875,1.523
0.576384603977203,0.124236270785332,153.164966193276,9654.3916015625,0,64.8115615844727,178,32,39,141254.96875,0.26
0.576384603977203,0.124236270785332,153.164966193276,9654.3916015625,0,64.8115615844727,178,32,39,141254.96875,4.005
0.576384603977203,0.124236270785332,153.164966193276,9654.3916015625,0,64.8115615844727,178,32,39,141254.96875,0.43
0.576384603977203,0.124236270785332,153.164966193276,9654.3916015625,0,64.8115615844727,178,32,39,141254.96875,1.2286
0.284576922655106,0.132392138242722,131.443361676404,15783.2666015625,0,64.8115615844727,309,36,28,48534.66015625,0.565545454545455
0.284576922655106,0.132392138242722,131.443361676404,15783.2666015625,0,64.8115615844727,309,36,28,48534.66015625,0.785
0.284576922655106,0.132392138242722,131.443361676404,15783.2666015625,0,64.8115615844727,309,36,28,48534.66015625,1.19666666666667
0.284576922655106,0.132392138242722,131.443361676404,15783.2666015625,0,64.8115615844727,309,36,28,48534.66015625,1.01416666666667
0.284576922655106,0.132392138242722,131.443361676404,15783.2666015625,0,64.8115615844727,309,36,28,48534.66015625,0.0566666666666667
0.284576922655106,0.132392138242722,131.443361676404,15783.2666015625,0,64.8115615844727,309,36,28,48534.66015625,0.62
0.284576922655106,0.132392138242722,131.443361676404,15783.2666015625,0,64.8115615844727,309,36,28,48534.66015625,0.581166666666667
0.284576922655106,0.132392138242722,131.443361676404,15783.2666015625,0,64.8115615844727,309,36,28,48534.66015625,0.7298
0.284576922655106,0.132392138242722,131.443361676404,15783.2666015625,0,64.8115615844727,309,36,28,48534.66015625,0.496636363636364
0.284576922655106,0.132392138242722,131.443361676404,15783.2666015625,0,64.8115615844727,309,36,28,48534.66015625,0.933666666666667
0.385230779647827,0.115155555307865,121.135938008098,17511.955078125,0,64.8115615844727,85,40,28,81384.171875,0.1325
0.385230779647827,0.115155555307865,121.135938008098,17511.955078125,0,64.8115615844727,85,40,28,81384.171875,0.05
0.385230779647827,0.115155555307865,121.135938008098,17511.955078125,0,64.8115615844727,85,40,28,81384.171875,0.93
0.385230779647827,0.115155555307865,121.135938008098,17511.955078125,0,64.8115615844727,85,40,28,81384.171875,0.12
0.385230779647827,0.115155555307865,121.135938008098,17511.955078125,0,64.8115615844727,85,40,28,81384.171875,1.10333333333333
0.385230779647827,0.115155555307865,121.135938008098,17511.955078125,0,64.8115615844727,85,40,28,81384.171875,0.101666666666667
0.385230779647827,0.115155555307865,121.135938008098,17511.955078125,0,64.8115615844727,85,40,28,81384.171875,0.225
0.385230779647827,0.115155555307865,121.135938008098,17511.955078125,0,64.8115615844727,85,40,28,81384.171875,0.123333333333333
0.385230779647827,0.115155555307865,121.135938008098,17511.955078125,0,64.8115615844727,85,40,28,81384.171875,0.145833333333333
0.385230779647827,0.115155555307865,121.135938008098,17511.955078125,0,64.8115615844727,85,40,28,81384.171875,0.661
0.385230779647827,0.115155555307865,121.135938008098,17511.955078125,0,64.8115615844727,85,40,28,81384.171875,0.106666666666667
0.385230779647827,0.115155555307865,121.135938008098,17511.955078125,0,64.8115615844727,85,40,28,81384.171875,0.11
0.385230779647827,0.115155555307865,121.135938008098,17511.955078125,0,64.8115615844727,85,40,28,81384.171875,0.6
0.385230779647827,0.115155555307865,121.135938008098,17511.955078125,0,64.8115615844727,85,40,28,81384.171875,0.092
0.385230779647827,0.115155555307865,121.135938008098,17511.955078125,0,64.8115615844727,85,40,28,81384.171875,0.136666666666667
0.385230779647827,0.115155555307865,121.135938008098,17511.955078125,0,64.8115615844727,85,40,28,81384.171875,0.54
0.385230779647827,0.115155555307865,121.135938008098,17511.955078125,0,64.8115615844727,85,40,28,81384.171875,0.11
0.385230779647827,0.115155555307865,121.135938008098,17511.955078125,0,64.8115615844727,85,40,28,81384.171875,0.2
0.385230779647827,0.115155555307865,121.135938008098,17511.955078125,0,64.8115615844727,85,40,28,81384.171875,0.268181818181818
0.385230779647827,0.115155555307865,121.135938008098,17511.955078125,0,64.8115615844727,85,40,28,81384.171875,0.111666666666667
0.488846153020859,0.137259989976883,107.533322789748,2663.61474609375,0,64.8115615844727,246,29,38,10330.8701171875,30.7
0.488846153020859,0.137259989976883,107.533322789748,2663.61474609375,0,64.8115615844727,246,29,38,10330.8701171875,6
0.488846153020859,0.137259989976883,107.533322789748,2663.61474609375,0,64.8115615844727,246,29,38,10330.8701171875,10.7666666666667
0.488846153020859,0.137259989976883,107.533322789748,2663.61474609375,0,64.8115615844727,246,29,38,10330.8701171875,28.6966666666667
0.488846153020859,0.137259989976883,107.533322789748,2663.61474609375,0,64.8115615844727,246,29,38,10330.8701171875,21.6166666666667
0.488846153020859,0.137259989976883,107.533322789748,2663.61474609375,0,64.8115615844727,246,29,38,10330.8701171875,16.5416666666667
0.488846153020859,0.137259989976883,107.533322789748,2663.61474609375,0,64.8115615844727,246,29,38,10330.8701171875,30.55
0.488846153020859,0.137259989976883,107.533322789748,2663.61474609375,0,64.8115615844727,246,29,38,10330.8701171875,8.74454545454545
0.488846153020859,0.137259989976883,107.533322789748,2663.61474609375,0,64.8115615844727,246,29,38,10330.8701171875,17.3333333333333
0.488846153020859,0.137259989976883,107.533322789748,2663.61474609375,0,64.8115615844727,246,29,38,10330.8701171875,31.2727272727273
0.488846153020859,0.137259989976883,107.533322789748,2663.61474609375,0,64.8115615844727,246,29,38,10330.8701171875,2.3
0.488846153020859,0.137259989976883,107.533322789748,2663.61474609375,0,64.8115615844727,246,29,38,10330.8701171875,35.4166666666667
0.488846153020859,0.137259989976883,107.533322789748,2663.61474609375,0,64.8115615844727,246,29,38,10330.8701171875,3.06666666666667
0.488846153020859,0.137259989976883,107.533322789748,2663.61474609375,0,64.8115615844727,246,29,38,10330.8701171875,16.5
0.488846153020859,0.137259989976883,107.533322789748,2663.61474609375,0,64.8115615844727,246,29,38,10330.8701171875,3.1
0.488846153020859,0.137259989976883,107.533322789748,2663.61474609375,0,64.8115615844727,246,29,38,10330.8701171875,9.86666666666667
0.488846153020859,0.137259989976883,107.533322789748,2663.61474609375,0,64.8115615844727,246,29,38,10330.8701171875,31
0.488846153020859,0.137259989976883,107.533322789748,2663.61474609375,0,64.8115615844727,246,29,38,10330.8701171875,3.77583333333333
0.488846153020859,0.137259989976883,107.533322789748,2663.61474609375,0,64.8115615844727,246,29,38,10330.8701171875,4.77454545454545
0.488846153020859,0.137259989976883,107.533322789748,2663.61474609375,0,64.8115615844727,246,29,38,10330.8701171875,6.14
0.488846153020859,0.137259989976883,107.533322789748,2663.61474609375,0,64.8115615844727,246,29,38,10330.8701171875,10.5
0,0,87.5192624852176,301988.9375,0.259999990463257,64.8115615844727,35,30,34,4587.62109375,0.03
0,0,87.5192624852176,301988.9375,0.259999990463257,64.8115615844727,35,30,34,4587.62109375,2.86525
0,0,87.5192624852176,301988.9375,0.259999990463257,64.8115615844727,35,30,34,4587.62109375,2.60181818181818
0,0,87.5192624852176,301988.9375,0.259999990463257,64.8115615844727,35,30,34,4587.62109375,1.11909090909091
0,0,87.5192624852176,301988.9375,0.259999990463257,64.8115615844727,35,30,34,4587.62109375,3.07333333333333
0,0,87.5192624852176,301988.9375,0.259999990463257,64.8115615844727,35,30,34,4587.62109375,2.15545454545455
0,0,87.5192624852176,301988.9375,0.259999990463257,64.8115615844727,35,30,34,4587.62109375,2.41666666666667
0,0,87.5192624852176,301988.9375,0.259999990463257,64.8115615844727,35,30,34,4587.62109375,0.675
0,0,87.5192624852176,301988.9375,0.259999990463257,64.8115615844727,35,30,34,4587.62109375,2.06666666666667
0,0,87.5192624852176,301988.9375,0.259999990463257,64.8115615844727,35,30,34,4587.62109375,1.82916666666667
0,0,87.5192624852176,301988.9375,0.259999990463257,64.8115615844727,35,30,34,4587.62109375,2.0875
0,0,87.5192624852176,301988.9375,0.259999990463257,64.8115615844727,35,30,34,4587.62109375,1.47916666666667
0,0,87.5192624852176,301988.9375,0.259999990463257,64.8115615844727,35,30,34,4587.62109375,1.441
0,0,87.5192624852176,301988.9375,0.259999990463257,64.8115615844727,35,30,34,4587.62109375,2.389
0,0,87.5192624852176,301988.9375,0.259999990463257,64.8115615844727,35,30,34,4587.62109375,1.48333333333333
0,0,87.5192624852176,301988.9375,0.259999990463257,64.8115615844727,35,30,34,4587.62109375,2.59516666666667
0,0,87.5192624852176,301988.9375,0.259999990463257,64.8115615844727,35,30,34,4587.62109375,0.9175
0,0,87.5192624852176,301988.9375,0.259999990463257,64.8115615844727,35,30,34,4587.62109375,1.34628571428571
0,0,87.5192624852176,301988.9375,0.259999990463257,64.8115615844727,35,30,34,4587.62109375,2.84416666666667
0,0,87.5192624852176,301988.9375,0.259999990463257,64.8115615844727,35,30,34,4587.62109375,2.82636363636364
0,0,87.5192624852176,301988.9375,0.259999990463257,64.8115615844727,35,30,34,4587.62109375,0.056
0,0,87.5192624852176,301988.9375,0.259999990463257,64.8115615844727,35,30,34,4587.62109375,2.12083333333333
77.2014617919922,0.280750244855881,113.618482376732,195128.84375,0.239999994635582,64.8115615844727,247,31,34,22352.9765625,0.625
77.2014617919922,0.280750244855881,113.618482376732,195128.84375,0.239999994635582,64.8115615844727,247,31,34,22352.9765625,0.646083333333333
77.2014617919922,0.280750244855881,113.618482376732,195128.84375,0.239999994635582,64.8115615844727,247,31,34,22352.9765625,2.29
77.2014617919922,0.280750244855881,113.618482376732,195128.84375,0.239999994635582,64.8115615844727,247,31,34,22352.9765625,1.83333333333333
77.2014617919922,0.280750244855881,113.618482376732,195128.84375,0.239999994635582,64.8115615844727,247,31,34,22352.9765625,0.01
77.2014617919922,0.280750244855881,113.618482376732,195128.84375,0.239999994635582,64.8115615844727,247,31,34,22352.9765625,1.39733333333333
77.2014617919922,0.280750244855881,113.618482376732,195128.84375,0.239999994635582,64.8115615844727,247,31,34,22352.9765625,0.4685
77.2014617919922,0.280750244855881,113.618482376732,195128.84375,0.239999994635582,64.8115615844727,247,31,34,22352.9765625,1.16333333333333
77.2014617919922,0.280750244855881,113.618482376732,195128.84375,0.239999994635582,64.8115615844727,247,31,34,22352.9765625,0.4735
77.2014617919922,0.280750244855881,113.618482376732,195128.84375,0.239999994635582,64.8115615844727,247,31,34,22352.9765625,1.00166666666667
77.2014617919922,0.280750244855881,113.618482376732,195128.84375,0.239999994635582,64.8115615844727,247,31,34,22352.9765625,1.12709090909091
77.2014617919922,0.280750244855881,113.618482376732,195128.84375,0.239999994635582,64.8115615844727,247,31,34,22352.9765625,2.1325
77.2014617919922,0.280750244855881,113.618482376732,195128.84375,0.239999994635582,64.8115615844727,247,31,34,22352.9765625,0.980666666666667
77.2014617919922,0.280750244855881,113.618482376732,195128.84375,0.239999994635582,64.8115615844727,247,31,34,22352.9765625,0.4975
77.2014617919922,0.280750244855881,113.618482376732,195128.84375,0.239999994635582,64.8115615844727,247,31,34,22352.9765625,2.01363636363636
77.2014617919922,0.280750244855881,113.618482376732,195128.84375,0.239999994635582,64.8115615844727,247,31,34,22352.9765625,0.01
77.2014617919922,0.280750244855881,113.618482376732,195128.84375,0.239999994635582,64.8115615844727,247,31,34,22352.9765625,1.44027272727273
77.2014617919922,0.280750244855881,113.618482376732,195128.84375,0.239999994635582,64.8115615844727,247,31,34,22352.9765625,0.440583333333333
77.2014617919922,0.280750244855881,113.618482376732,195128.84375,0.239999994635582,64.8115615844727,247,31,34,22352.9765625,0.663
77.2014617919922,0.280750244855881,113.618482376732,195128.84375,0.239999994635582,64.8115615844727,247,31,34,22352.9765625,1.17166666666667
77.2014617919922,0.280750244855881,113.618482376732,195128.84375,0.239999994635582,64.8115615844727,247,31,34,22352.9765625,1.75
0.433192312717438,0.208643615245819,95.1975970205141,695737.8125,0.97000002861023,64.8115615844727,222,28,46,135560.625,35.4583333333333
0.433192312717438,0.208643615245819,95.1975970205141,695737.8125,0.97000002861023,64.8115615844727,222,28,46,135560.625,19.7272727272727
0.433192312717438,0.208643615245819,95.1975970205141,695737.8125,0.97000002861023,64.8115615844727,222,28,46,135560.625,7.18
0.433192312717438,0.208643615245819,95.1975970205141,695737.8125,0.97000002861023,64.8115615844727,222,28,46,135560.625,0.1425
0.433192312717438,0.208643615245819,95.1975970205141,695737.8125,0.97000002861023,64.8115615844727,222,28,46,135560.625,15.9
0.433192312717438,0.208643615245819,95.1975970205141,695737.8125,0.97000002861023,64.8115615844727,222,28,46,135560.625,19.5366666666667
0.433192312717438,0.208643615245819,95.1975970205141,695737.8125,0.97000002861023,64.8115615844727,222,28,46,135560.625,21.0966666666667
0.433192312717438,0.208643615245819,95.1975970205141,695737.8125,0.97000002861023,64.8115615844727,222,28,46,135560.625,4.46
0.433192312717438,0.208643615245819,95.1975970205141,695737.8125,0.97000002861023,64.8115615844727,222,28,46,135560.625,5.13636363636364
0.433192312717438,0.208643615245819,95.1975970205141,695737.8125,0.97000002861023,64.8115615844727,222,28,46,135560.625,0.2354
0.433192312717438,0.208643615245819,95.1975970205141,695737.8125,0.97000002861023,64.8115615844727,222,28,46,135560.625,9.66666666666667
0.433192312717438,0.208643615245819,95.1975970205141,695737.8125,0.97000002861023,64.8115615844727,222,28,46,135560.625,22.3333333333333
0.433192312717438,0.208643615245819,95.1975970205141,695737.8125,0.97000002861023,64.8115615844727,222,28,46,135560.625,5.465
0.433192312717438,0.208643615245819,95.1975970205141,695737.8125,0.97000002861023,64.8115615844727,222,28,46,135560.625,4.624
0.433192312717438,0.208643615245819,95.1975970205141,695737.8125,0.97000002861023,64.8115615844727,222,28,46,135560.625,23.061
0.433192312717438,0.208643615245819,95.1975970205141,695737.8125,0.97000002861023,64.8115615844727,222,28,46,135560.625,4.18333333333333
0.433192312717438,0.208643615245819,95.1975970205141,695737.8125,0.97000002861023,64.8115615844727,222,28,46,135560.625,97.35
316.528106689453,0.305966794490814,95.3779046547554,12620.5322265625,0,64.8115615844727,158,39,28,89241.390625,3.82307692307692
316.528106689453,0.305966794490814,95.3779046547554,12620.5322265625,0,64.8115615844727,158,39,28,89241.390625,24.6733333333333
316.528106689453,0.305966794490814,95.3779046547554,12620.5322265625,0,64.8115615844727,158,39,28,89241.390625,20.9236363636364
316.528106689453,0.305966794490814,95.3779046547554,12620.5322265625,0,64.8115615844727,158,39,28,89241.390625,10.325
316.528106689453,0.305966794490814,95.3779046547554,12620.5322265625,0,64.8115615844727,158,39,28,89241.390625,12.05
316.528106689453,0.305966794490814,95.3779046547554,12620.5322265625,0,64.8115615844727,158,39,28,89241.390625,35
316.528106689453,0.305966794490814,95.3779046547554,12620.5322265625,0,64.8115615844727,158,39,28,89241.390625,6.91666666666667
316.528106689453,0.305966794490814,95.3779046547554,12620.5322265625,0,64.8115615844727,158,39,28,89241.390625,11.5
316.528106689453,0.305966794490814,95.3779046547554,12620.5322265625,0,64.8115615844727,158,39,28,89241.390625,2.48545454545455
316.528106689453,0.305966794490814,95.3779046547554,12620.5322265625,0,64.8115615844727,158,39,28,89241.390625,32.4545454545455
316.528106689453,0.305966794490814,95.3779046547554,12620.5322265625,0,64.8115615844727,158,39,28,89241.390625,17.9875
316.528106689453,0.305966794490814,95.3779046547554,12620.5322265625,0,64.8115615844727,158,39,28,89241.390625,16.3333333333333
316.528106689453,0.305966794490814,95.3779046547554,12620.5322265625,0,64.8115615844727,158,39,28,89241.390625,1.75181818181818
316.528106689453,0.305966794490814,95.3779046547554,12620.5322265625,0,64.8115615844727,158,39,28,89241.390625,30.5833333333333
316.528106689453,0.305966794490814,95.3779046547554,12620.5322265625,0,64.8115615844727,158,39,28,89241.390625,16.5416666666667
316.528106689453,0.305966794490814,95.3779046547554,12620.5322265625,0,64.8115615844727,158,39,28,89241.390625,11.0833333333333
316.528106689453,0.305966794490814,95.3779046547554,12620.5322265625,0,64.8115615844727,158,39,28,89241.390625,7.98333333333333
316.528106689453,0.305966794490814,95.3779046547554,12620.5322265625,0,64.8115615844727,158,39,28,89241.390625,2.6
316.528106689453,0.305966794490814,95.3779046547554,12620.5322265625,0,64.8115615844727,158,39,28,89241.390625,6.07777777777778
316.528106689453,0.305966794490814,95.3779046547554,12620.5322265625,0,64.8115615844727,158,39,28,89241.390625,36.2
316.528106689453,0.305966794490814,95.3779046547554,12620.5322265625,0,64.8115615844727,158,39,28,89241.390625,14.42
0.193961530923843,0.184037655591965,83.0900730369975,72013.2890625,0.419999986886978,64.8115615844727,69,27,44,37252.078125,2.132
0.193961530923843,0.184037655591965,83.0900730369975,72013.2890625,0.419999986886978,64.8115615844727,69,27,44,37252.078125,1.52183333333333
0.193961530923843,0.184037655591965,83.0900730369975,72013.2890625,0.419999986886978,64.8115615844727,69,27,44,37252.078125,0.00966666666666667
0.193961530923843,0.184037655591965,83.0900730369975,72013.2890625,0.419999986886978,64.8115615844727,69,27,44,37252.078125,4.68
0.193961530923843,0.184037655591965,83.0900730369975,72013.2890625,0.419999986886978,64.8115615844727,69,27,44,37252.078125,3.249375
0.193961530923843,0.184037655591965,83.0900730369975,72013.2890625,0.419999986886978,64.8115615844727,69,27,44,37252.078125,0.3115
0.193961530923843,0.184037655591965,83.0900730369975,72013.2890625,0.419999986886978,64.8115615844727,69,27,44,37252.078125,2.49333333333333
0.193961530923843,0.184037655591965,83.0900730369975,72013.2890625,0.419999986886978,64.8115615844727,69,27,44,37252.078125,0.6345
0.193961530923843,0.184037655591965,83.0900730369975,72013.2890625,0.419999986886978,64.8115615844727,69,27,44,37252.078125,0.4015
0.193961530923843,0.184037655591965,83.0900730369975,72013.2890625,0.419999986886978,64.8115615844727,69,27,44,37252.078125,0.07625
0.193961530923843,0.184037655591965,83.0900730369975,72013.2890625,0.419999986886978,64.8115615844727,69,27,44,37252.078125,0.263333333333333
0.193961530923843,0.184037655591965,83.0900730369975,72013.2890625,0.419999986886978,64.8115615844727,69,27,44,37252.078125,0.833333333333333
0.193961530923843,0.184037655591965,83.0900730369975,72013.2890625,0.419999986886978,64.8115615844727,69,27,44,37252.078125,0.670583333333333
0.193961530923843,0.184037655591965,83.0900730369975,72013.2890625,0.419999986886978,64.8115615844727,69,27,44,37252.078125,0.1199
0.193961530923843,0.184037655591965,83.0900730369975,72013.2890625,0.419999986886978,64.8115615844727,69,27,44,37252.078125,0.001
0.193961530923843,0.184037655591965,83.0900730369975,72013.2890625,0.419999986886978,64.8115615844727,69,27,44,37252.078125,2.76
0.193961530923843,0.184037655591965,83.0900730369975,72013.2890625,0.419999986886978,64.8115615844727,69,27,44,37252.078125,0.12175
0.193961530923843,0.184037655591965,83.0900730369975,72013.2890625,0.419999986886978,64.8115615844727,69,27,44,37252.078125,1.444
0.193961530923843,0.184037655591965,83.0900730369975,72013.2890625,0.419999986886978,64.8115615844727,69,27,44,37252.078125,0.466
0.193961530923843,0.184037655591965,83.0900730369975,72013.2890625,0.419999986886978,64.8115615844727,69,27,44,37252.078125,0.363285714285714
2.93592309951782,0.369932055473328,55.3217347896263,4242.9013671875,0,64.8115615844727,417,27,45,12649.595703125,0.02875
2.93592309951782,0.369932055473328,55.3217347896263,4242.9013671875,0,64.8115615844727,417,27,45,12649.595703125,3.55
2.93592309951782,0.369932055473328,55.3217347896263,4242.9013671875,0,64.8115615844727,417,27,45,12649.595703125,2.21833333333333
2.93592309951782,0.369932055473328,55.3217347896263,4242.9013671875,0,64.8115615844727,417,27,45,12649.595703125,3.36083333333333
2.93592309951782,0.369932055473328,55.3217347896263,4242.9013671875,0,64.8115615844727,417,27,45,12649.595703125,0.256666666666667
2.93592309951782,0.369932055473328,55.3217347896263,4242.9013671875,0,64.8115615844727,417,27,45,12649.595703125,1.377
2.93592309951782,0.369932055473328,55.3217347896263,4242.9013671875,0,64.8115615844727,417,27,45,12649.595703125,3.4805
2.93592309951782,0.369932055473328,55.3217347896263,4242.9013671875,0,64.8115615844727,417,27,45,12649.595703125,5.82636363636364
2.93592309951782,0.369932055473328,55.3217347896263,4242.9013671875,0,64.8115615844727,417,27,45,12649.595703125,1.22333333333333
2.93592309951782,0.369932055473328,55.3217347896263,4242.9013671875,0,64.8115615844727,417,27,45,12649.595703125,0.334166666666667
2.93592309951782,0.369932055473328,55.3217347896263,4242.9013671875,0,64.8115615844727,417,27,45,12649.595703125,1.3024
2.93592309951782,0.369932055473328,55.3217347896263,4242.9013671875,0,64.8115615844727,417,27,45,12649.595703125,1.97090909090909
2.93592309951782,0.369932055473328,55.3217347896263,4242.9013671875,0,64.8115615844727,417,27,45,12649.595703125,3.64333333333333
2.93592309951782,0.369932055473328,55.3217347896263,4242.9013671875,0,64.8115615844727,417,27,45,12649.595703125,3.18909090909091
2.93592309951782,0.369932055473328,55.3217347896263,4242.9013671875,0,64.8115615844727,417,27,45,12649.595703125,2.433
2.93592309951782,0.369932055473328,55.3217347896263,4242.9013671875,0,64.8115615844727,417,27,45,12649.595703125,4.25
2.93592309951782,0.369932055473328,55.3217347896263,4242.9013671875,0,64.8115615844727,417,27,45,12649.595703125,3.10833333333333
2.93592309951782,0.369932055473328,55.3217347896263,4242.9013671875,0,64.8115615844727,417,27,45,12649.595703125,0.306583333333333
2.93592309951782,0.369932055473328,55.3217347896263,4242.9013671875,0,64.8115615844727,417,27,45,12649.595703125,0.056
2.93592309951782,0.369932055473328,55.3217347896263,4242.9013671875,0,64.8115615844727,417,27,45,12649.595703125,0.319833333333333
2.93592309951782,0.369932055473328,55.3217347896263,4242.9013671875,0,64.8115615844727,417,27,45,12649.595703125,1.77333333333333
2.93592309951782,0.369932055473328,55.3217347896263,4242.9013671875,0,64.8115615844727,417,27,45,12649.595703125,5.56
0.425692319869995,0.106654845178127,124.448663529392,35548.5546875,0.419999986886978,64.8115615844727,206,32,37,57836.85546875,0.36
0.425692319869995,0.106654845178127,124.448663529392,35548.5546875,0.419999986886978,64.8115615844727,206,32,37,57836.85546875,0.317166666666667
0.425692319869995,0.106654845178127,124.448663529392,35548.5546875,0.419999986886978,64.8115615844727,206,32,37,57836.85546875,0.2475
0.425692319869995,0.106654845178127,124.448663529392,35548.5546875,0.419999986886978,64.8115615844727,206,32,37,57836.85546875,0.625333333333333
0.425692319869995,0.106654845178127,124.448663529392,35548.5546875,0.419999986886978,64.8115615844727,206,32,37,57836.85546875,0.55425
0.425692319869995,0.106654845178127,124.448663529392,35548.5546875,0.419999986886978,64.8115615844727,206,32,37,57836.85546875,0.595333333333333
0.425692319869995,0.106654845178127,124.448663529392,35548.5546875,0.419999986886978,64.8115615844727,206,32,37,57836.85546875,0.746666666666667
0.425692319869995,0.106654845178127,124.448663529392,35548.5546875,0.419999986886978,64.8115615844727,206,32,37,57836.85546875,0.666666666666667
0.425692319869995,0.106654845178127,124.448663529392,35548.5546875,0.419999986886978,64.8115615844727,206,32,37,57836.85546875,0.0353333333333333
0.425692319869995,0.106654845178127,124.448663529392,35548.5546875,0.419999986886978,64.8115615844727,206,32,37,57836.85546875,0.705818181818182
0.425692319869995,0.106654845178127,124.448663529392,35548.5546875,0.419999986886978,64.8115615844727,206,32,37,57836.85546875,0.5595
0.302230775356293,0.292162418365479,68.9907640250497,81502.640625,0.75,12.18798828125,789,21,45,50246.546875,11.025
0.302230775356293,0.292162418365479,68.9907640250497,81502.640625,0.75,12.18798828125,789,21,45,50246.546875,11.608
0.302230775356293,0.292162418365479,68.9907640250497,81502.640625,0.75,12.18798828125,789,21,45,50246.546875,12.1
0.302230775356293,0.292162418365479,68.9907640250497,81502.640625,0.75,12.18798828125,789,21,45,50246.546875,9.94633333333333
0.302230775356293,0.292162418365479,68.9907640250497,81502.640625,0.75,12.18798828125,789,21,45,50246.546875,10.307
0.302230775356293,0.292162418365479,68.9907640250497,81502.640625,0.75,12.18798828125,789,21,45,50246.546875,4.115
0.302230775356293,0.292162418365479,68.9907640250497,81502.640625,0.75,12.18798828125,789,21,45,50246.546875,5.72666666666667
0.302230775356293,0.292162418365479,68.9907640250497,81502.640625,0.75,12.18798828125,789,21,45,50246.546875,7.26666666666667
0.0527307689189911,0.194938138127327,75.6894657526438,1431.56335449219,0,12.18798828125,577,19,45,127.765655517578,4.73666666666667
0.0527307689189911,0.194938138127327,75.6894657526438,1431.56335449219,0,12.18798828125,577,19,45,127.765655517578,2.75
0.0527307689189911,0.194938138127327,75.6894657526438,1431.56335449219,0,12.18798828125,577,19,45,127.765655517578,3.87
0.181230768561363,0.235729649662971,77.8727106180007,117.323188781738,0,12.18798828125,644,15,46,80526,1.253
0.181230768561363,0.235729649662971,77.8727106180007,117.323188781738,0,12.18798828125,644,15,46,80526,1.73475
0.181230768561363,0.235729649662971,77.8727106180007,117.323188781738,0,12.18798828125,644,15,46,80526,1.8
0.181230768561363,0.235729649662971,77.8727106180007,117.323188781738,0,12.18798828125,644,15,46,80526,2.03666666666667
0.181230768561363,0.235729649662971,77.8727106180007,117.323188781738,0,12.18798828125,644,15,46,80526,2.1
0.181230768561363,0.235729649662971,77.8727106180007,117.323188781738,0,12.18798828125,644,15,46,80526,1.38733333333333
0.633884608745575,0.326404541730881,83.6964211247465,21.9385280609131,0,12.18798828125,565,18,45,52621.58203125,10
0.633884608745575,0.326404541730881,83.6964211247465,21.9385280609131,0,12.18798828125,565,18,45,52621.58203125,3.275
0.633884608745575,0.326404541730881,83.6964211247465,21.9385280609131,0,12.18798828125,565,18,45,52621.58203125,15.02
0.633884608745575,0.326404541730881,83.6964211247465,21.9385280609131,0,12.18798828125,565,18,45,52621.58203125,23.34
0.633884608745575,0.326404541730881,83.6964211247465,21.9385280609131,0,12.18798828125,565,18,45,52621.58203125,4.02
0.633884608745575,0.326404541730881,83.6964211247465,21.9385280609131,0,12.18798828125,565,18,45,52621.58203125,16.008
0.633884608745575,0.326404541730881,83.6964211247465,21.9385280609131,0,12.18798828125,565,18,45,52621.58203125,15.6495
0.633884608745575,0.326404541730881,83.6964211247465,21.9385280609131,0,12.18798828125,565,18,45,52621.58203125,4.975
0.446384608745575,0.362533658742905,46.2400989783907,12182.1005859375,0.550000011920929,12.18798828125,172,20,46,93033.203125,2.66666666666667
0.446384608745575,0.362533658742905,46.2400989783907,12182.1005859375,0.550000011920929,12.18798828125,172,20,46,93033.203125,0
0.446384608745575,0.362533658742905,46.2400989783907,12182.1005859375,0.550000011920929,12.18798828125,172,20,46,93033.203125,5.5
0.420384615659714,0.323872983455658,56.4504164616688,1286.96423339844,0,12.18798828125,545,21,43,37981.57421875,5.5
0.420384615659714,0.323872983455658,56.4504164616688,1286.96423339844,0,12.18798828125,545,21,43,37981.57421875,0
0.420384615659714,0.323872983455658,56.4504164616688,1286.96423339844,0,12.18798828125,545,21,43,37981.57421875,2.66666666666667
0.466538459062576,0.263827562332153,79.5593383978938,470987.96875,1,12.18798828125,434,17,48,50589.91015625,5
0.466538459062576,0.263827562332153,79.5593383978938,470987.96875,1,12.18798828125,434,17,48,50589.91015625,1.305
0.466538459062576,0.263827562332153,79.5593383978938,470987.96875,1,12.18798828125,434,17,48,50589.91015625,2.6125
0.0430384613573551,0.209589809179306,80.9619895854898,1235451,1,12.18798828125,434,17,48,50589.91015625,1.65
0.0430384613573551,0.209589809179306,80.9619895854898,1235451,1,12.18798828125,434,17,48,50589.91015625,11.2
0.0430384613573551,0.209589809179306,80.9619895854898,1235451,1,12.18798828125,434,17,48,50589.91015625,1.4875
0.0110769234597683,0.168027997016907,88.4374755258506,193.304168701172,0,1.95286118984222,305,22,40,173.275527954102,3.095
0.0110769234597683,0.168027997016907,88.4374755258506,193.304168701172,0,1.95286118984222,305,22,40,173.275527954102,2.26
0.0219615381211042,0.178772702813148,92.395305456557,36.89599609375,0,1.95286118984222,607,17,49,90.5395050048828,10.03
0.0219615381211042,0.178772702813148,92.395305456557,36.89599609375,0,1.95286118984222,607,17,49,90.5395050048828,9.48
0.0976538434624672,0.225368365645409,107.692194426829,481862.59375,0.97000002861023,1.95286118984222,431,22,45,22784.484375,63.35
1.13119232654572,0.310799956321716,49.3319169424915,425225.25,1,0.0356019549071789,17,15,45,30590.859375,0.306666666666667
1.13119232654572,0.310799956321716,49.3319169424915,425225.25,1,0.0356019549071789,17,15,45,30590.859375,0.727272727272727
1.13119232654572,0.310799956321716,49.3319169424915,425225.25,1,0.0356019549071789,17,15,45,30590.859375,0.673333333333333
1.13119232654572,0.310799956321716,49.3319169424915,425225.25,1,0.0356019549071789,17,15,45,30590.859375,0.729166666666667
1.13119232654572,0.310799956321716,49.3319169424915,425225.25,1,0.0356019549071789,17,15,45,30590.859375,0.74
1.13119232654572,0.310799956321716,49.3319169424915,425225.25,1,0.0356019549071789,17,15,45,30590.859375,0.659166666666667
1.13119232654572,0.310799956321716,49.3319169424915,425225.25,1,0.0356019549071789,17,15,45,30590.859375,0.4325
1.13119232654572,0.310799956321716,49.3319169424915,425225.25,1,0.0356019549071789,17,15,45,30590.859375,0.341666666666667
1.13119232654572,0.310799956321716,49.3319169424915,425225.25,1,0.0356019549071789,17,15,45,30590.859375,1.89
1.13119232654572,0.310799956321716,49.3319169424915,425225.25,1,0.0356019549071789,17,15,45,30590.859375,0.505
1.13119232654572,0.310799956321716,49.3319169424915,425225.25,1,0.0356019549071789,17,15,45,30590.859375,0.713
1.13119232654572,0.310799956321716,49.3319169424915,425225.25,1,0.0356019549071789,17,15,45,30590.859375,0.679166666666667
1.13119232654572,0.310799956321716,49.3319169424915,425225.25,1,0.0356019549071789,17,15,45,30590.859375,0.4825
1.13119232654572,0.310799956321716,49.3319169424915,425225.25,1,0.0356019549071789,17,15,45,30590.859375,0.378333333333333
1.13119232654572,0.310799956321716,49.3319169424915,425225.25,1,0.0356019549071789,17,15,45,30590.859375,1.2125
1.13119232654572,0.310799956321716,49.3319169424915,425225.25,1,0.0356019549071789,17,15,45,30590.859375,1.76083333333333
1.13119232654572,0.310799956321716,49.3319169424915,425225.25,1,0.0356019549071789,17,15,45,30590.859375,1.1175
1.13119232654572,0.310799956321716,49.3319169424915,425225.25,1,0.0356019549071789,17,15,45,30590.859375,1.6
1.13119232654572,0.310799956321716,49.3319169424915,425225.25,1,0.0356019549071789,17,15,45,30590.859375,0.366666666666667
1.13119232654572,0.310799956321716,49.3319169424915,425225.25,1,0.0356019549071789,17,15,45,30590.859375,1.695
1.13119232654572,0.310799956321716,49.3319169424915,425225.25,1,0.0356019549071789,17,15,45,30590.859375,0.391666666666667
1.13119232654572,0.310799956321716,49.3319169424915,425225.25,1,0.0356019549071789,17,15,45,30590.859375,0.483333333333333
1.13119232654572,0.310799956321716,49.3319169424915,425225.25,1,0.0356019549071789,17,15,45,30590.859375,0.670833333333333
1.13119232654572,0.310799956321716,49.3319169424915,425225.25,1,0.0356019549071789,17,15,45,30590.859375,0.536666666666667
1.13119232654572,0.310799956321716,49.3319169424915,425225.25,1,0.0356019549071789,17,15,45,30590.859375,1.48181818181818
1.13119232654572,0.310799956321716,49.3319169424915,425225.25,1,0.0356019549071789,17,15,45,30590.859375,0.575833333333333
1.13119232654572,0.310799956321716,49.3319169424915,425225.25,1,0.0356019549071789,17,15,45,30590.859375,0.52
1.13119232654572,0.310799956321716,49.3319169424915,425225.25,1,0.0356019549071789,17,15,45,30590.859375,0.359272727272727
1.13119232654572,0.310799956321716,49.3319169424915,425225.25,1,0.0356019549071789,17,15,45,30590.859375,0.536666666666667
1.13119232654572,0.310799956321716,49.3319169424915,425225.25,1,0.0356019549071789,17,15,45,30590.859375,0.66
1.13119232654572,0.310799956321716,49.3319169424915,425225.25,1,0.0356019549071789,17,15,45,30590.859375,0.655
1.13119232654572,0.310799956321716,49.3319169424915,425225.25,1,0.0356019549071789,17,15,45,30590.859375,0.806666666666667
1.13119232654572,0.310799956321716,49.3319169424915,425225.25,1,0.0356019549071789,17,15,45,30590.859375,0.419166666666667
1.13119232654572,0.310799956321716,49.3319169424915,425225.25,1,0.0356019549071789,17,15,45,30590.859375,0.666666666666667
1.30911540985107,0.305953294038773,46.9757384188902,1020422.3125,1,0.0356019549071789,21,19,45,30590.859375,7.6
1.30911540985107,0.305953294038773,46.9757384188902,1020422.3125,1,0.0356019549071789,21,19,45,30590.859375,7.15
1.30911540985107,0.305953294038773,46.9757384188902,1020422.3125,1,0.0356019549071789,21,19,45,30590.859375,7.1
1.30911540985107,0.305953294038773,46.9757384188902,1020422.3125,1,0.0356019549071789,21,19,45,30590.859375,7.8
1.30911540985107,0.305953294038773,46.9757384188902,1020422.3125,1,0.0356019549071789,21,19,45,30590.859375,9.675
1.30911540985107,0.305953294038773,46.9757384188902,1020422.3125,1,0.0356019549071789,21,19,45,30590.859375,7.7
1.30911540985107,0.305953294038773,46.9757384188902,1020422.3125,1,0.0356019549071789,21,19,45,30590.859375,8.875
1.30911540985107,0.305953294038773,46.9757384188902,1020422.3125,1,0.0356019549071789,21,19,45,30590.859375,8.05
1.30911540985107,0.305953294038773,46.9757384188902,1020422.3125,1,0.0356019549071789,21,19,45,30590.859375,7.175
1.30911540985107,0.305953294038773,46.9757384188902,1020422.3125,1,0.0356019549071789,21,19,45,30590.859375,9.025
1.30911540985107,0.305953294038773,46.9757384188902,1020422.3125,1,0.0356019549071789,21,19,45,30590.859375,8.825
1.30911540985107,0.305953294038773,46.9757384188902,1020422.3125,1,0.0356019549071789,21,19,45,30590.859375,9.78
1.30911540985107,0.305953294038773,46.9757384188902,1020422.3125,1,0.0356019549071789,21,19,45,30590.859375,9.92
1.30911540985107,0.305953294038773,46.9757384188902,1020422.3125,1,0.0356019549071789,21,19,45,30590.859375,10.3
1.30911540985107,0.305953294038773,46.9757384188902,1020422.3125,1,0.0356019549071789,21,19,45,30590.859375,9.5
1.30911540985107,0.305953294038773,46.9757384188902,1020422.3125,1,0.0356019549071789,21,19,45,30590.859375,7.875
1.30911540985107,0.305953294038773,46.9757384188902,1020422.3125,1,0.0356019549071789,21,19,45,30590.859375,7.2
1.30911540985107,0.305953294038773,46.9757384188902,1020422.3125,1,0.0356019549071789,21,19,45,30590.859375,6.5
1.30911540985107,0.305953294038773,46.9757384188902,1020422.3125,1,0.0356019549071789,21,19,45,30590.859375,7.625
1.30911540985107,0.305953294038773,46.9757384188902,1020422.3125,1,0.0356019549071789,21,19,45,30590.859375,8.575
1.30911540985107,0.305953294038773,46.9757384188902,1020422.3125,1,0.0356019549071789,21,19,45,30590.859375,10.625
1.30911540985107,0.305953294038773,46.9757384188902,1020422.3125,1,0.0356019549071789,21,19,45,30590.859375,7.575
1.30911540985107,0.305953294038773,46.9757384188902,1020422.3125,1,0.0356019549071789,21,19,45,30590.859375,9.1
1.30911540985107,0.305953294038773,46.9757384188902,1020422.3125,1,0.0356019549071789,21,19,45,30590.859375,8.125
1.30911540985107,0.305953294038773,46.9757384188902,1020422.3125,1,0.0356019549071789,21,19,45,30590.859375,7.35
1.30911540985107,0.305953294038773,46.9757384188902,1020422.3125,1,0.0356019549071789,21,19,45,30590.859375,9.5
1.30911540985107,0.305953294038773,46.9757384188902,1020422.3125,1,0.0356019549071789,21,19,45,30590.859375,8.16666666666667
1.30911540985107,0.305953294038773,46.9757384188902,1020422.3125,1,0.0356019549071789,21,19,45,30590.859375,7.56
1.30911540985107,0.305953294038773,46.9757384188902,1020422.3125,1,0.0356019549071789,21,19,45,30590.859375,6.9
1.30911540985107,0.305953294038773,46.9757384188902,1020422.3125,1,0.0356019549071789,21,19,45,30590.859375,8.875
1.30911540985107,0.305953294038773,46.9757384188902,1020422.3125,1,0.0356019549071789,21,19,45,30590.859375,7.05
1.30911540985107,0.305953294038773,46.9757384188902,1020422.3125,1,0.0356019549071789,21,19,45,30590.859375,8.85
1.30911540985107,0.305953294038773,46.9757384188902,1020422.3125,1,0.0356019549071789,21,19,45,30590.859375,9.475
6.10653829574585,0.327134191989899,30.4082828158337,84498.09375,0.939999997615814,11.7558832168579,35,18,41,15098.69140625,0.08
6.10653829574585,0.327134191989899,30.4082828158337,84498.09375,0.939999997615814,11.7558832168579,35,18,41,15098.69140625,0
6.10653829574585,0.327134191989899,30.4082828158337,84498.09375,0.939999997615814,11.7558832168579,35,18,41,15098.69140625,0.029
6.10653829574585,0.327134191989899,30.4082828158337,84498.09375,0.939999997615814,11.7558832168579,35,18,41,15098.69140625,0
6.10653829574585,0.327134191989899,30.4082828158337,84498.09375,0.939999997615814,11.7558832168579,35,18,41,15098.69140625,0.17
6.10653829574585,0.327134191989899,30.4082828158337,84498.09375,0.939999997615814,11.7558832168579,35,18,41,15098.69140625,0.064
6.10653829574585,0.327134191989899,30.4082828158337,84498.09375,0.939999997615814,11.7558832168579,35,18,41,15098.69140625,0.015
6.10653829574585,0.327134191989899,30.4082828158337,84498.09375,0.939999997615814,11.7558832168579,35,18,41,15098.69140625,0
6.10653829574585,0.327134191989899,30.4082828158337,84498.09375,0.939999997615814,11.7558832168579,35,18,41,15098.69140625,0.058
6.10653829574585,0.327134191989899,30.4082828158337,84498.09375,0.939999997615814,11.7558832168579,35,18,41,15098.69140625,0.02
6.10653829574585,0.327134191989899,30.4082828158337,84498.09375,0.939999997615814,11.7558832168579,35,18,41,15098.69140625,0.13
9.53242301940918,0.390083998441696,32.6335634163962,44569.08203125,0.850000023841858,11.7558832168579,44,20,36,15098.69140625,0.387
9.53242301940918,0.390083998441696,32.6335634163962,44569.08203125,0.850000023841858,11.7558832168579,44,20,36,15098.69140625,0.02
9.53242301940918,0.390083998441696,32.6335634163962,44569.08203125,0.850000023841858,11.7558832168579,44,20,36,15098.69140625,0.02
9.53242301940918,0.390083998441696,32.6335634163962,44569.08203125,0.850000023841858,11.7558832168579,44,20,36,15098.69140625,0.17
9.53242301940918,0.390083998441696,32.6335634163962,44569.08203125,0.850000023841858,11.7558832168579,44,20,36,15098.69140625,0.171
9.53242301940918,0.390083998441696,32.6335634163962,44569.08203125,0.850000023841858,11.7558832168579,44,20,36,15098.69140625,0.098
9.53242301940918,0.390083998441696,32.6335634163962,44569.08203125,0.850000023841858,11.7558832168579,44,20,36,15098.69140625,0
9.53242301940918,0.390083998441696,32.6335634163962,44569.08203125,0.850000023841858,11.7558832168579,44,20,36,15098.69140625,0
9.53242301940918,0.390083998441696,32.6335634163962,44569.08203125,0.850000023841858,11.7558832168579,44,20,36,15098.69140625,0.463
9.53242301940918,0.390083998441696,32.6335634163962,44569.08203125,0.850000023841858,11.7558832168579,44,20,36,15098.69140625,0.452
9.53242301940918,0.390083998441696,32.6335634163962,44569.08203125,0.850000023841858,11.7558832168579,44,20,36,15098.69140625,0.08
0,0,32.8707232650977,1851.611328125,0,11.7558832168579,67,7,73,18.6162948608398,0.125
0,0,32.8707232650977,1851.611328125,0,11.7558832168579,67,7,73,18.6162948608398,0.315
0,0,32.8707232650977,1851.611328125,0,11.7558832168579,67,7,73,18.6162948608398,0.05
0,0,32.8707232650977,1851.611328125,0,11.7558832168579,67,7,73,18.6162948608398,0.25
0,0,32.8707232650977,1851.611328125,0,11.7558832168579,67,7,73,18.6162948608398,0.115
0,0,32.8707232650977,1851.611328125,0,11.7558832168579,67,7,73,18.6162948608398,0.43
0,0,32.8707232650977,1851.611328125,0,11.7558832168579,67,7,73,18.6162948608398,0.13
0,0,32.8707232650977,1851.611328125,0,11.7558832168579,67,7,73,18.6162948608398,0
0,0,32.8707232650977,1851.611328125,0,11.7558832168579,67,7,73,18.6162948608398,0
0,0,32.8707232650977,1851.611328125,0,11.7558832168579,67,7,73,18.6162948608398,0.072
0,0,32.8707232650977,1851.611328125,0,11.7558832168579,67,7,73,18.6162948608398,0.038
13.018500328064,0.36938002705574,29.3491869253705,2810.4169921875,0.340000003576279,11.7558832168579,72,8,70,15098.69140625,7.312
13.018500328064,0.36938002705574,29.3491869253705,2810.4169921875,0.340000003576279,11.7558832168579,72,8,70,15098.69140625,4.4
13.018500328064,0.36938002705574,29.3491869253705,2810.4169921875,0.340000003576279,11.7558832168579,72,8,70,15098.69140625,4.78
13.018500328064,0.36938002705574,29.3491869253705,2810.4169921875,0.340000003576279,11.7558832168579,72,8,70,15098.69140625,4.93
13.018500328064,0.36938002705574,29.3491869253705,2810.4169921875,0.340000003576279,11.7558832168579,72,8,70,15098.69140625,4.603
13.018500328064,0.36938002705574,29.3491869253705,2810.4169921875,0.340000003576279,11.7558832168579,72,8,70,15098.69140625,6.55
13.018500328064,0.36938002705574,29.3491869253705,2810.4169921875,0.340000003576279,11.7558832168579,72,8,70,15098.69140625,6.89
13.018500328064,0.36938002705574,29.3491869253705,2810.4169921875,0.340000003576279,11.7558832168579,72,8,70,15098.69140625,5.4
13.018500328064,0.36938002705574,29.3491869253705,2810.4169921875,0.340000003576279,11.7558832168579,72,8,70,15098.69140625,5
13.018500328064,0.36938002705574,29.3491869253705,2810.4169921875,0.340000003576279,11.7558832168579,72,8,70,15098.69140625,3.512
13.018500328064,0.36938002705574,29.3491869253705,2810.4169921875,0.340000003576279,11.7558832168579,72,8,70,15098.69140625,3.33
6.5146541595459,0.188962653279305,69.9499277885324,5392.39599609375,0,22.9633026123047,480,26,37,112687.6953125,34.5628571428571
6.5146541595459,0.188962653279305,69.9499277885324,5392.39599609375,0,22.9633026123047,480,26,37,112687.6953125,49.25
6.5146541595459,0.188962653279305,69.9499277885324,5392.39599609375,0,22.9633026123047,480,26,37,112687.6953125,0.04
6.5146541595459,0.188962653279305,69.9499277885324,5392.39599609375,0,22.9633026123047,480,26,37,112687.6953125,69.325
6.5146541595459,0.188962653279305,69.9499277885324,5392.39599609375,0,22.9633026123047,480,26,37,112687.6953125,4.674
6.5146541595459,0.188962653279305,69.9499277885324,5392.39599609375,0,22.9633026123047,480,26,37,112687.6953125,36.54
6.5146541595459,0.188962653279305,69.9499277885324,5392.39599609375,0,22.9633026123047,480,26,37,112687.6953125,67.725
6.5146541595459,0.188962653279305,69.9499277885324,5392.39599609375,0,22.9633026123047,480,26,37,112687.6953125,31.3
6.5146541595459,0.188962653279305,69.9499277885324,5392.39599609375,0,22.9633026123047,480,26,37,112687.6953125,11.538
6.5146541595459,0.188962653279305,69.9499277885324,5392.39599609375,0,22.9633026123047,480,26,37,112687.6953125,6.175
6.5146541595459,0.188962653279305,69.9499277885324,5392.39599609375,0,22.9633026123047,480,26,37,112687.6953125,12.3
6.5146541595459,0.188962653279305,69.9499277885324,5392.39599609375,0,22.9633026123047,480,26,37,112687.6953125,63.1666666666667
6.5146541595459,0.188962653279305,69.9499277885324,5392.39599609375,0,22.9633026123047,480,26,37,112687.6953125,11.245
6.5146541595459,0.188962653279305,69.9499277885324,5392.39599609375,0,22.9633026123047,480,26,37,112687.6953125,42.9
6.5146541595459,0.188962653279305,69.9499277885324,5392.39599609375,0,22.9633026123047,480,26,37,112687.6953125,62.975
6.5146541595459,0.188962653279305,69.9499277885324,5392.39599609375,0,22.9633026123047,480,26,37,112687.6953125,67.5222222222222
6.5146541595459,0.188962653279305,69.9499277885324,5392.39599609375,0,22.9633026123047,480,26,37,112687.6953125,6.4325
6.5146541595459,0.188962653279305,69.9499277885324,5392.39599609375,0,22.9633026123047,480,26,37,112687.6953125,33.11
0,0,109.124013518403,118261.7890625,0.28571429848671,NA,NA,NA,NA,NA,0.265
0,0,109.124013518403,118261.7890625,0.28571429848671,NA,NA,NA,NA,NA,0.01
0,0,109.124013518403,118261.7890625,0.28571429848671,NA,NA,NA,NA,NA,0.223333333333333
0,0,109.124013518403,118261.7890625,0.28571429848671,NA,NA,NA,NA,NA,0
0,0,109.124013518403,118261.7890625,0.28571429848671,NA,NA,NA,NA,NA,0.26
0,0,109.124013518403,118261.7890625,0.28571429848671,NA,NA,NA,NA,NA,0.025
0,0,109.124013518403,118261.7890625,0.28571429848671,NA,NA,NA,NA,NA,0.146666666666667
0,0,109.124013518403,118261.7890625,0.28571429848671,NA,NA,NA,NA,NA,0
0,0,109.124013518403,118261.7890625,0.28571429848671,NA,NA,NA,NA,NA,0
0,0,109.124013518403,118261.7890625,0.28571429848671,NA,NA,NA,NA,NA,0.05
0,0,109.124013518403,118261.7890625,0.28571429848671,NA,NA,NA,NA,NA,0.57
0,0,109.124013518403,118261.7890625,0.28571429848671,NA,NA,NA,NA,NA,0.105
0,0,109.124013518403,118261.7890625,0.28571429848671,NA,NA,NA,NA,NA,0
0,0,109.124013518403,118261.7890625,0.28571429848671,NA,NA,NA,NA,NA,0.00333333333333333
0,0,109.124013518403,118261.7890625,0.28571429848671,NA,NA,NA,NA,NA,0
0,0,109.124013518403,118261.7890625,0.28571429848671,NA,NA,NA,NA,NA,0
0,0,109.124013518403,118261.7890625,0.28571429848671,NA,NA,NA,NA,NA,0
0,0,109.124013518403,118261.7890625,0.28571429848671,NA,NA,NA,NA,NA,0.21
0,0,109.124013518403,118261.7890625,0.28571429848671,NA,NA,NA,NA,NA,0.325
0,0,109.124013518403,118261.7890625,0.28571429848671,NA,NA,NA,NA,NA,0.275
0,0,109.124013518403,118261.7890625,0.28571429848671,NA,NA,NA,NA,NA,0.04
0,0,109.124013518403,118261.7890625,0.28571429848671,NA,NA,NA,NA,NA,0
0.28999999165535,0.228008106350899,71.7881809118926,2374.607421875,0.0299999993294477,17.5445785522461,50,33,37,7147.0439453125,4.66666666666667
0.28999999165535,0.228008106350899,71.7881809118926,2374.607421875,0.0299999993294477,17.5445785522461,50,33,37,7147.0439453125,5.61428571428571
0.28999999165535,0.228008106350899,71.7881809118926,2374.607421875,0.0299999993294477,17.5445785522461,50,33,37,7147.0439453125,4.65454545454545
0.28999999165535,0.228008106350899,71.7881809118926,2374.607421875,0.0299999993294477,17.5445785522461,50,33,37,7147.0439453125,4.9075
0.28999999165535,0.228008106350899,71.7881809118926,2374.607421875,0.0299999993294477,17.5445785522461,50,33,37,7147.0439453125,5.58416666666667
0.28999999165535,0.228008106350899,71.7881809118926,2374.607421875,0.0299999993294477,17.5445785522461,50,33,37,7147.0439453125,6.68166666666667
0.28999999165535,0.228008106350899,71.7881809118926,2374.607421875,0.0299999993294477,17.5445785522461,50,33,37,7147.0439453125,19.025
0.28999999165535,0.228008106350899,71.7881809118926,2374.607421875,0.0299999993294477,17.5445785522461,50,33,37,7147.0439453125,5.34444444444444
0.28999999165535,0.228008106350899,71.7881809118926,2374.607421875,0.0299999993294477,17.5445785522461,50,33,37,7147.0439453125,4.92727272727273
5.08711528778076,0.245489344000816,113.945167348494,1753.85864257812,0,17.5445785522461,566,27,43,31486.72265625,2.84666666666667
5.08711528778076,0.245489344000816,113.945167348494,1753.85864257812,0,17.5445785522461,566,27,43,31486.72265625,2.225
5.08711528778076,0.245489344000816,113.945167348494,1753.85864257812,0,17.5445785522461,566,27,43,31486.72265625,2.70333333333333
5.08711528778076,0.245489344000816,113.945167348494,1753.85864257812,0,17.5445785522461,566,27,43,31486.72265625,2
5.08711528778076,0.245489344000816,113.945167348494,1753.85864257812,0,17.5445785522461,566,27,43,31486.72265625,2.7425
5.08711528778076,0.245489344000816,113.945167348494,1753.85864257812,0,17.5445785522461,566,27,43,31486.72265625,1.635
5.08711528778076,0.245489344000816,113.945167348494,1753.85864257812,0,17.5445785522461,566,27,43,31486.72265625,2.29
5.08711528778076,0.245489344000816,113.945167348494,1753.85864257812,0,17.5445785522461,566,27,43,31486.72265625,1.89
5.08711528778076,0.245489344000816,113.945167348494,1753.85864257812,0,17.5445785522461,566,27,43,31486.72265625,1.8525
0,0,19.7067899641316,NA,0.333333343267441,NA,NA,NA,NA,NA,0.475
0,0,19.7067899641316,NA,0.333333343267441,NA,NA,NA,NA,NA,2
839.833923339844,0.315537244081497,123.391895553501,344353.4375,1,74.3621673583984,266,22,56,55956.515625,0.155
839.833923339844,0.315537244081497,123.391895553501,344353.4375,1,74.3621673583984,266,22,56,55956.515625,0.466666666666667
839.833923339844,0.315537244081497,123.391895553501,344353.4375,1,74.3621673583984,266,22,56,55956.515625,0.205
839.833923339844,0.315537244081497,123.391895553501,344353.4375,1,74.3621673583984,266,22,56,55956.515625,0.502
839.833923339844,0.315537244081497,123.391895553501,344353.4375,1,74.3621673583984,266,22,56,55956.515625,0.3
839.891662597656,0.315625369548798,123.940410885023,248459.671875,0.889999985694885,74.3621673583984,461,27,49,51832.08984375,0.5
839.891662597656,0.315625369548798,123.940410885023,248459.671875,0.889999985694885,74.3621673583984,461,27,49,51832.08984375,0.366666666666667
839.891662597656,0.315625369548798,123.940410885023,248459.671875,0.889999985694885,74.3621673583984,461,27,49,51832.08984375,0.501
839.891662597656,0.315625369548798,123.940410885023,248459.671875,0.889999985694885,74.3621673583984,461,27,49,51832.08984375,0.31
839.891662597656,0.315625369548798,123.940410885023,248459.671875,0.889999985694885,74.3621673583984,461,27,49,51832.08984375,0.15
0.232999995350838,0.133689358830452,129.299573459566,4539.57080078125,0,74.3621673583984,237,31,42,3686.7275390625,25.6866666666667
0.232999995350838,0.133689358830452,129.299573459566,4539.57080078125,0,74.3621673583984,237,31,42,3686.7275390625,25.04
0.232999995350838,0.133689358830452,129.299573459566,4539.57080078125,0,74.3621673583984,237,31,42,3686.7275390625,0.6
0.232999995350838,0.133689358830452,129.299573459566,4539.57080078125,0,74.3621673583984,237,31,42,3686.7275390625,1.07
0.232999995350838,0.133689358830452,129.299573459566,4539.57080078125,0,74.3621673583984,237,31,42,3686.7275390625,1
892.976440429688,0.643790781497955,27.6902609320962,581.910949707031,0,1.93537199497223,279,9,60,NA,0.05
892.976440429688,0.643790781497955,27.6902609320962,581.910949707031,0,1.93537199497223,279,9,60,NA,0.03
892.976440429688,0.643790781497955,27.6902609320962,581.910949707031,0,1.93537199497223,279,9,60,NA,0.05
892.976440429688,0.643790781497955,27.6902609320962,581.910949707031,0,1.93537199497223,279,9,60,NA,0.05
133.676147460938,0.702774822711945,11.396610370491,1950.15625,0,7.45440217997384e-07,146,23,59,12904.578125,0.1475
133.676147460938,0.702774822711945,11.396610370491,1950.15625,0,7.45440217997384e-07,146,23,59,12904.578125,0.155
133.676147460938,0.702774822711945,11.396610370491,1950.15625,0,7.45440217997384e-07,146,23,59,12904.578125,0.16
133.676147460938,0.702774822711945,11.396610370491,1950.15625,0,7.45440217997384e-07,146,23,59,12904.578125,0.14
3.69857692718506,0.15996852517128,111.082622235549,112310.4609375,0.449999988079071,55.4152755737305,18,19,43,472514.28125,0.02
3.69857692718506,0.15996852517128,111.082622235549,112310.4609375,0.449999988079071,55.4152755737305,18,19,43,472514.28125,0
3.69857692718506,0.15996852517128,111.082622235549,112310.4609375,0.449999988079071,55.4152755737305,18,19,43,472514.28125,0
3.69857692718506,0.15996852517128,111.082622235549,112310.4609375,0.449999988079071,55.4152755737305,18,19,43,472514.28125,0
3.69857692718506,0.15996852517128,111.082622235549,112310.4609375,0.449999988079071,55.4152755737305,18,19,43,472514.28125,0.185
3.69857692718506,0.15996852517128,111.082622235549,112310.4609375,0.449999988079071,55.4152755737305,18,19,43,472514.28125,0.15
3.69857692718506,0.15996852517128,111.082622235549,112310.4609375,0.449999988079071,55.4152755737305,18,19,43,472514.28125,0.25
3.69857692718506,0.15996852517128,111.082622235549,112310.4609375,0.449999988079071,55.4152755737305,18,19,43,472514.28125,0.64
3.69857692718506,0.15996852517128,111.082622235549,112310.4609375,0.449999988079071,55.4152755737305,18,19,43,472514.28125,0.2
3.69857692718506,0.15996852517128,111.082622235549,112310.4609375,0.449999988079071,55.4152755737305,18,19,43,472514.28125,0.0075
3.69857692718506,0.15996852517128,111.082622235549,112310.4609375,0.449999988079071,55.4152755737305,18,19,43,472514.28125,0.4
3.69857692718506,0.15996852517128,111.082622235549,112310.4609375,0.449999988079071,55.4152755737305,18,19,43,472514.28125,0.15
3.69857692718506,0.15996852517128,111.082622235549,112310.4609375,0.449999988079071,55.4152755737305,18,19,43,472514.28125,0
3.69857692718506,0.15996852517128,111.082622235549,112310.4609375,0.449999988079071,55.4152755737305,18,19,43,472514.28125,0.35
3.69857692718506,0.15996852517128,111.082622235549,112310.4609375,0.449999988079071,55.4152755737305,18,19,43,472514.28125,0
3.69857692718506,0.15996852517128,111.082622235549,112310.4609375,0.449999988079071,55.4152755737305,18,19,43,472514.28125,0.2
3.69857692718506,0.15996852517128,111.082622235549,112310.4609375,0.449999988079071,55.4152755737305,18,19,43,472514.28125,0.175
3.69857692718506,0.15996852517128,111.082622235549,112310.4609375,0.449999988079071,55.4152755737305,18,19,43,472514.28125,0.015
3.69857692718506,0.15996852517128,111.082622235549,112310.4609375,0.449999988079071,55.4152755737305,18,19,43,472514.28125,1.2
3.69857692718506,0.15996852517128,111.082622235549,112310.4609375,0.449999988079071,55.4152755737305,18,19,43,472514.28125,0.1
3.69857692718506,0.15996852517128,111.082622235549,112310.4609375,0.449999988079071,55.4152755737305,18,19,43,472514.28125,1.075
12.1501150131226,0.482959717512131,42.2247109529382,1641565,1,30.9118061065674,417,19,67,402.164794921875,0.19
12.1501150131226,0.482959717512131,42.2247109529382,1641565,1,30.9118061065674,417,19,67,410.360382080078,6
12.1501150131226,0.482959717512131,42.2247109529382,1641565,1,30.9118061065674,417,19,67,410.360382080078,0.15
6.61788463592529,0.424003839492798,44.3197557010887,355022.9375,1,30.9118061065674,694,22,61,806.001098632813,0.21
12.3389616012573,0.482589572668076,59.9672537182519,756212.4375,1,30.9118061065674,691,17,69,780.78662109375,6.964
12.3389616012573,0.482589572668076,59.9672537182519,756212.4375,1,30.9118061065674,691,17,69,780.78662109375,5.99
13.1584997177124,0.478361785411835,67.0222247439285,95031.3515625,1,30.9118061065674,559,21,64,744.888610839844,5.9
13.1584997177124,0.478361785411835,67.0222247439285,95031.3515625,1,30.9118061065674,559,21,64,744.888610839844,0.22
6.61788463592529,0.424003839492798,44.3197557010887,355022.9375,1,30.9118061065674,694,22,61,806.001098632813,8.29
6.61788463592529,0.424003839492798,44.3197557010887,355022.9375,1,30.9118061065674,694,22,61,806.001098632813,6.255
0,0,46.9740854284445,898508.3125,0.922077894210815,30.9118061065674,417,19,67,NA,2.595
0,0,46.9740854284445,898508.3125,0.922077894210815,30.9118061065674,417,19,67,NA,0.085
0.361230760812759,0.420110911130905,28.9902992258698,747.939636230469,0,7.38831663131714,192,8,65,43872.8125,0.05
0.361230760812759,0.420110911130905,28.9902992258698,747.939636230469,0,7.38831663131714,192,8,65,43872.8125,0
0.361230760812759,0.420110911130905,28.9902992258698,747.939636230469,0,7.38831663131714,192,8,65,43872.8125,22.41
0.361230760812759,0.420110911130905,28.9902992258698,747.939636230469,0,7.38831663131714,192,8,65,43872.8125,0.1
0.361230760812759,0.420110911130905,28.9902992258698,747.939636230469,0,7.38831663131714,192,8,65,43872.8125,15.34
0.0921923071146011,0.178433179855347,160.933215242791,15089.2041015625,0,55.4351577758789,44,16,70,10757.556640625,0
0.0921923071146011,0.178433179855347,160.933215242791,15089.2041015625,0,55.4351577758789,44,16,70,10757.556640625,0.9
0.0534230768680573,0.183608710765839,160.421278735411,83225.625,0.419999986886978,55.4351577758789,64,13,75,248.549255371094,0
0.0534230768680573,0.183608710765839,160.421278735411,83225.625,0.419999986886978,55.4351577758789,64,13,75,248.549255371094,0.9
0.10353846102953,0.201738610863686,156.65749478704,8343.67578125,0.0625,55.4351577758789,12,12,75,21742.427734375,0.027
0.744461536407471,0.169068709015846,147.103824763467,220220.84375,0.319999992847443,55.4351577758789,39,21,54,5694.46533203125,1.05
0.744461536407471,0.169068709015846,147.103824763467,220220.84375,0.319999992847443,55.4351577758789,39,21,54,5694.46533203125,0.337
1.40246152877808,0.325973063707352,31.7517674010029,3.61831116676331,0.0399999991059303,0.69004487991333,153,7,66,NA,0.005
1.40246152877808,0.325973063707352,31.7517674010029,3.61831116676331,0.0399999991059303,0.69004487991333,153,7,66,NA,0.04
1.40246152877808,0.325973063707352,31.7517674010029,3.61831116676331,0.0399999991059303,0.69004487991333,153,7,66,NA,0.02
1.40246152877808,0.325973063707352,31.7517674010029,3.61831116676331,0.0399999991059303,0.69004487991333,153,7,66,NA,0.055
1.40246152877808,0.325973063707352,31.7517674010029,3.61831116676331,0.0399999991059303,0.69004487991333,153,7,66,NA,0.01
1.40246152877808,0.325973063707352,31.7517674010029,3.61831116676331,0.0399999991059303,0.69004487991333,153,7,66,NA,0.02
0.513730764389038,0.403193682432175,23.5475198188859,57.1455421447754,0,0.69004487991333,317,12,57,NA,0.09
0.513730764389038,0.403193682432175,23.5475198188859,57.1455421447754,0,0.69004487991333,317,12,57,NA,0.1975
0.513730764389038,0.403193682432175,23.5475198188859,57.1455421447754,0,0.69004487991333,317,12,57,NA,0.24
0.513730764389038,0.403193682432175,23.5475198188859,57.1455421447754,0,0.69004487991333,317,12,57,NA,0.185
0.513730764389038,0.403193682432175,23.5475198188859,57.1455421447754,0,0.69004487991333,317,12,57,NA,0.1475
0.513730764389038,0.403193682432175,23.5475198188859,57.1455421447754,0,0.69004487991333,317,12,57,NA,0.0675
0.358884632587433,0.29693865776062,30.4160745162609,397.472076416016,0,0.69004487991333,118,6,69,NA,0.16
0.358884632587433,0.29693865776062,30.4160745162609,397.472076416016,0,0.69004487991333,118,6,69,NA,0.265
0.358884632587433,0.29693865776062,30.4160745162609,397.472076416016,0,0.69004487991333,118,6,69,NA,0.216666666666667
0.358884632587433,0.29693865776062,30.4160745162609,397.472076416016,0,0.69004487991333,118,6,69,NA,0.171666666666667
0.358884632587433,0.29693865776062,30.4160745162609,397.472076416016,0,0.69004487991333,118,6,69,NA,0.195
0.358884632587433,0.29693865776062,30.4160745162609,397.472076416016,0,0.69004487991333,118,6,69,NA,0.21
0.358884632587433,0.29693865776062,30.4160745162609,397.472076416016,0,0.69004487991333,118,6,69,NA,0.156666666666667
0,0,85.5389989937185,NA,NA,5.11420249938965,7,24,49,NA,0.00175
0,0,85.5389989937185,NA,NA,5.11420249938965,7,24,49,NA,0.452
0,0,85.5389989937185,NA,NA,5.11420249938965,7,24,49,NA,0.040875
0,0,85.5389989937185,NA,NA,5.11420249938965,7,24,49,NA,0.004
0.226653844118118,0.21200892329216,49.8732379976157,2697.27685546875,0,16.2187881469727,416,26,38,221325.28125,0.033
0.226653844118118,0.21200892329216,49.8732379976157,2697.27685546875,0,16.2187881469727,416,26,38,221325.28125,0
0.576269209384918,0.235400393605232,62.0530256133655,3268.42944335938,0,16.2187881469727,446,33,29,352709,0.0216666666666667
0.0331538468599319,0.200139313936234,39.4147611901588,2341.68603515625,0,16.2187881469727,405,26,41,121980.59375,0
0.0268846154212952,0.209846884012222,34.9263010220199,12178.1845703125,0,16.2187881469727,322,18,47,19754.44921875,3
0.0268846154212952,0.209846884012222,34.9263010220199,12178.1845703125,0,16.2187881469727,322,18,47,19754.44921875,0
11.0251541137695,0.393891841173172,39.3856178622323,7369.6865234375,0.259999990463257,10.5433950424194,345,20,45,61000,11.13
11.0251541137695,0.393891841173172,39.3856178622323,7369.6865234375,0.259999990463257,10.5433950424194,345,20,45,61000,10.0125
11.0251541137695,0.393891841173172,39.3856178622323,7369.6865234375,0.259999990463257,10.5433950424194,345,20,45,61000,12.198
11.0251541137695,0.393891841173172,39.3856178622323,7369.6865234375,0.259999990463257,10.5433950424194,345,20,45,61000,10.2314545454545
11.0251541137695,0.393891841173172,39.3856178622323,7369.6865234375,0.259999990463257,10.5433950424194,345,20,45,61000,10.6925
0.550230741500854,0.262524306774139,117.065838243853,5935.9765625,0,84.4439849853516,309,23,59,4180.3251953125,1.37
0.550230741500854,0.262524306774139,117.065838243853,5935.9765625,0,84.4439849853516,309,23,59,4180.3251953125,2.1295
0.550230741500854,0.262524306774139,117.065838243853,5935.9765625,0,84.4439849853516,309,23,59,4180.3251953125,1.8
0.550230741500854,0.262524306774139,117.065838243853,5935.9765625,0,84.4439849853516,309,23,59,4180.3251953125,1.84
0.550230741500854,0.262524306774139,117.065838243853,5935.9765625,0,84.4439849853516,309,23,59,4180.3251953125,2.6
0.550230741500854,0.262524306774139,117.065838243853,5935.9765625,0,84.4439849853516,309,23,59,4180.3251953125,1.59
0.550230741500854,0.262524306774139,117.065838243853,5935.9765625,0,84.4439849853516,309,23,59,4180.3251953125,3.575
8.58661556243896,0.417592406272888,97.1914422264698,1948.98156738281,0,84.4439849853516,65,28,48,4581.46728515625,1.06666666666667
8.58661556243896,0.417592406272888,97.1914422264698,1948.98156738281,0,84.4439849853516,65,28,48,4581.46728515625,1
8.58661556243896,0.417592406272888,97.1914422264698,1948.98156738281,0,84.4439849853516,65,28,48,4581.46728515625,0
8.58661556243896,0.417592406272888,97.1914422264698,1948.98156738281,0,84.4439849853516,65,28,48,4581.46728515625,0.93
8.58661556243896,0.417592406272888,97.1914422264698,1948.98156738281,0,84.4439849853516,65,28,48,4581.46728515625,0.6
8.58661556243896,0.417592406272888,97.1914422264698,1948.98156738281,0,84.4439849853516,65,28,48,4581.46728515625,0.856666666666667
3.26723074913025,0.310022413730621,11.3230685675646,115199.4921875,1,5.2235164642334,171,28,49,11439.845703125,0.135
3.26723074913025,0.310022413730621,11.3230685675646,115199.4921875,1,5.2235164642334,171,28,49,11439.845703125,0.977
3.26723074913025,0.310022413730621,11.3230685675646,115199.4921875,1,5.2235164642334,171,28,49,11439.845703125,0.181
3.26723074913025,0.310022413730621,11.3230685675646,115199.4921875,1,5.2235164642334,171,28,49,11439.845703125,0.9776
