"","OBJECTID","noxn"
"1","ARG00012",0.2708
"2","CAN00031",0.319
"3","CAN00037",0.353
"4","CAN00038",1.43
"5","CAN00039",0.319
"6","CAN00040",0.36
"7","CAN00041",0.248
"8","CAN00042",0.151
"9","CAN00043",0.41
"10","CAN00071",0.21
"11","IND00002",0.398416666666667
"12","IND00004",0.1298
"13","IND00005",0.9008
"14","IND00007",0.155
"15","IND00009",0.423636363636364
"16","IND00010",0.402727272727273
"17","IND00011",0.789333333333333
"18","IND00012",1.17841666666667
"19","IND00013",0.816666666666667
"20","IND00014",0.646666666666667
"21","IND00017",0.6625
"22","IND00018",0.514166666666667
"23","IND00020",1.11483333333333
"24","IND00021",0.537833333333333
"25","IND00025",0.945
"26","IND00028",1.412
"27","IND00029",0.27
"28","IND00030",0.798888888888889
"29","IND00031",0.1842
"30","IND00033",0.188
"31","IND00034",0.352666666666667
"32","IND00036",1.34733333333333
"33","IND00037",1.41333333333333
"34","IND00038",0.433333333333333
"35","IND00039",1.41
"36","IND00041",0.171777777777778
"37","IND00042",0.7525
"38","IND00043",0.440909090909091
"39","IND00044",0.189090909090909
"40","IND00045",0.394181818181818
"41","IND00049",6.8
"42","IND00050",0.16275
"43","IND00051",0.1749
"44","JPN00001",1
"45","JPN00003",2.10833333333333
"46","JPN00007",1.6275
"47","JPN00010",0.39
"48","JPN00011",0.431666666666667
"49","JPN00013",1.20916666666667
"50","JPN00014",0.5925
"51","JPN00015",0.738333333333333
"52","JPN00016",0.0216
"53","JPN00017",0.703333333333333
"54","JPN00018",0.666666666666667
"55","JPN00019",0.109166666666667
"56","JPN00020",0.131666666666667
"57","JPN00021",0.725833333333333
"58","JPN00022",0.301666666666667
"59","JPN00023",0.766666666666667
"60","JPN00024",0.513416666666667
"61","JPN00025",0.219
"62","JPN00026",0.12525
"63","JPN00027",0.0951666666666667
"64","JPN00028",1.20583333333333
"65","KHM00001",0.170333333333333
"66","KHM00002",0.173083333333333
"67","KHM00003",0.191083333333333
"68","KHM00004",0.24225
"69","KHM00006",0.147583333333333
"70","KHM00011",0.241333333333333
"71","LAO00001",0.0908333333333333
"72","LAO00002",0.261333333333333
"73","LAO00003",0.13
"74","MAR00001",0.57
"75","MAR00006",1.65090909090909
"76","MAR00008",0.436363636363636
"77","NZL00005",0.0230833333333333
"78","NZL00006",0.234341666666667
"79","NZL00007",0.10395
"80","NZL00008",0.438616666666667
"81","NZL00009",0.3134
"82","NZL00010",0.199883333333333
"83","NZL00011",0.273075
"84","NZL00012",0.759175
"85","NZL00013",0.152433333333333
"86","NZL00014",0.342466666666667
"87","NZL00015",1.05048333333333
"88","NZL00016",0.453541666666667
"89","NZL00017",0.00208333333333333
"90","NZL00018",0.316383333333333
"91","NZL00019",0.450433333333333
"92","NZL00020",0.103316666666667
"93","NZL00021",0.262683333333333
"94","NZL00022",0.00133333333333333
"95","NZL00023",0.221008333333333
"96","NZL00024",0.0329416666666667
"97","NZL00025",0.27615
"98","NZL00026",0.108108333333333
"99","NZL00027",2.158
"100","NZL00028",0.205925
"101","NZL00029",0.07275
"102","NZL00030",0.0953916666666667
"103","NZL00031",0.5607
"104","NZL00032",0.749575
"105","NZL00033",0.742183333333333
"106","NZL00034",0.0780166666666667
"107","NZL00035",0.181275
"108","NZL00036",0.1402
"109","NZL00037",0.0529818181818182
"110","NZL00038",0.0843545454545455
"111","NZL00039",0.625327272727273
"112","NZL00040",0.0737818181818182
"113","NZL00041",0.00781818181818182
"114","NZL00042",0.115663636363636
"115","NZL00043",0.137927272727273
"116","NZL00044",0.254141666666667
"117","NZL00045",0.0403666666666667
"118","NZL00046",0.551741666666667
"119","NZL00047",0.701291666666667
"120","NZL00048",0.0616
"121","NZL00049",0.146181818181818
"122","NZL00050",0.0221090909090909
"123","NZL00051",0.0150818181818182
"124","NZL00052",0.0712
"125","NZL00053",0.0273909090909091
"126","NZL00054",0.0466272727272727
"127","NZL00055",0.0867727272727273
"128","NZL00056",0.0283181818181818
"129","NZL00057",0.0277166666666667
"130","NZL00058",0.0175416666666667
"131","NZL00059",0.324175
"132","NZL00060",0.0701916666666667
"133","NZL00061",0.0964416666666667
"134","NZL00062",0.506058333333333
"135","NZL00063",0.782091666666667
"136","NZL00064",0.339091666666667
"137","NZL00065",0.0144166666666667
"138","NZL00066",0.0304583333333333
"139","NZL00067",0.0465416666666667
"140","NZL00068",0.041525
"141","NZL00069",0.0273416666666667
"142","NZL00070",0.028875
"143","NZL00071",0.046525
"144","NZL00072",0.0325818181818182
"145","NZL00073",0.0391090909090909
"146","NZL00074",0.0794363636363636
"147","NZL00075",0.0913636363636364
"148","NZL00076",0.871581818181818
"149","NZL00077",0.2705
"150","NZL00078",0.506381818181818
"151","NZL00079",0.916872727272727
"152","NZL00080",0.190209090909091
"153","NZL00081",0.00636363636363636
"154","PAK00002",1
"155","PAK00003",1.648
"156","PAK00004",1.19
"157","PAK00005",0.616
"158","PAK00006",3.85
"159","POL00001",2.113
"160","POL00002",1.5162
"161","POL00003",1.37025
"162","POL00004",3.79625
"163","POL00005",2.94773076923077
"164","POL00006",1.93528
"165","THA00008",0.285833333333333
"166","THA00009",0.40725
"167","THA00010",0.26525
"168","TUR00005",0.0586923076923077
"169","TUR00006",0.100947368421053
"170","TUR00007",0.642125
"171","TUR00008",0.0957
"172","TUR00009",0.391538461538462
"173","TUR00010",1.15076923076923
"174","TUR00011",1.11784615384615
"175","TUR00012",0.360235294117647
"176","TUR00013",0.2278
"177","TUR00014",0.1297
"178","VNM00002",0.349583333333333
"179","VNM00003",0.310083333333333
"180","VNM00004",0.30225
"181","VNM00005",0.348083333333333
"182","ZAF00001",0.1409
"183","ZAF00002",0.463666666666667
"184","ZAF00003",0.1239
"185","ZAF00004",0.82765306122449
"186","ZAF00005",4.53740384615385
"187","ZAF00006",0.31475
"188","ZAF00007",0.8745
"189","ZAF00008",0.477833333333333
"190","ZAF00009",0.573870967741935
"191","ZAF00010",0.172333333333333
"192","ZAF00012",0.303230769230769
"193","ZAF00013",0.558653846153846
"194","ZAF00014",0.20375
"195","ZAF00015",1.57261363636364
"196","ZAF00016",0.0723548387096774
"197","ARG00001",0.282090909090909
"198","ARG00012",0.278636363636364
"199","CAN00010",0.414
"200","CAN00031",0.357
"201","CAN00032",0.344
"202","CAN00033",0.252
"203","CAN00034",0.352
"204","CAN00035",0.364
"205","CAN00044",0.433
"206","CAN00045",0.297
"207","CAN00046",0.419
"208","CAN00047",0.401
"209","CAN00048",0.439
"210","IND00001",1.496
"211","IND00002",1.2226
"212","IND00004",0.4825
"213","IND00005",0.402
"214","IND00007",0.304
"215","IND00009",0.412857142857143
"216","IND00010",1.36
"217","IND00011",0.785
"218","IND00012",0.803
"219","IND00013",0.12
"220","IND00014",3.17833333333333
"221","IND00017",1.01808333333333
"222","IND00018",0.816
"223","IND00020",0.271818181818182
"224","IND00021",0.290916666666667
"225","IND00025",0.13
"226","IND00028",0.850666666666667
"227","IND00029",0.487777777777778
"228","IND00030",0.6675
"229","IND00031",0.1464
"230","IND00033",0.188888888888889
"231","IND00034",0.181666666666667
"232","IND00036",0.488272727272727
"233","IND00037",1.15475
"234","IND00038",0.804153846153846
"235","IND00039",0.625
"236","IND00041",0.200909090909091
"237","IND00042",0.5714
"238","IND00043",0.577666666666667
"239","IND00044",0.43
"240","IND00045",0.393333333333333
"241","IND00050",0.0554
"242","IND00051",0.261
"243","IND00053",6.5
"244","IND00054",6.7
"245","IND00055",0.41
"246","IND00056",0.4
"247","IND00057",2.11025
"248","IND00058",1.68116666666667
"249","IND00059",1.43825
"250","IND00060",1.596
"251","IND00061",2.20683333333333
"252","IND00062",1.40283333333333
"253","IND00063",0.0494444444444444
"254","IND00064",0.0584444444444444
"255","IND00067",0.795
"256","IND00068",0.0674166666666667
"257","IND00069",0.554166666666667
"258","IND00070",0.5635
"259","IND00071",0.235
"260","IND00072",0.189428571428571
"261","JPN00001",1
"262","JPN00003",2.195
"263","JPN00007",1.54083333333333
"264","JPN00010",0.436666666666667
"265","JPN00011",0.4575
"266","JPN00013",1.01083333333333
"267","JPN00014",0.4875
"268","JPN00015",0.735833333333333
"269","JPN00016",0.05
"270","JPN00017",0.711666666666667
"271","JPN00018",0.77
"272","JPN00019",0.106666666666667
"273","JPN00020",0.1075
"274","JPN00021",0.735833333333333
"275","JPN00022",0.1775
"276","JPN00023",0.763333333333333
"277","JPN00024",0.493333333333333
"278","JPN00025",0.41475
"279","JPN00026",0.0660833333333333
"280","JPN00027",0.0646666666666667
"281","JPN00028",1.20666666666667
"282","KHM00001",0.171833333333333
"283","KHM00002",0.1725
"284","KHM00003",0.192
"285","KHM00004",0.22525
"286","KHM00006",0.152666666666667
"287","KHM00011",0.255916666666667
"288","LAO00001",0.16525
"289","LAO00002",0.256916666666667
"290","LAO00003",0.17275
"291","LAO00020",0.203416666666667
"292","MAR00001",1.21
"293","MAR00006",0.879
"294","MAR00008",0.710909090909091
"295","NZL00005",0.0356583333333333
"296","NZL00006",0.347683333333333
"297","NZL00007",0.1878
"298","NZL00008",0.566525
"299","NZL00009",0.440308333333333
"300","NZL00010",0.304625
"301","NZL00011",0.258175
"302","NZL00012",0.787433333333333
"303","NZL00013",0.173166666666667
"304","NZL00014",0.331525
"305","NZL00015",0.971166666666667
"306","NZL00016",0.481366666666667
"307","NZL00017",0.00123333333333333
"308","NZL00018",0.338466666666667
"309","NZL00019",0.434566666666667
"310","NZL00020",0.138616666666667
"311","NZL00021",0.273175
"312","NZL00022",0.000958333333333333
"313","NZL00023",0.237783333333333
"314","NZL00024",0.0319666666666667
"315","NZL00025",0.347533333333333
"316","NZL00026",0.128616666666667
"317","NZL00027",1.95594166666667
"318","NZL00028",0.200833333333333
"319","NZL00029",0.127625
"320","NZL00030",0.155725
"321","NZL00031",0.521558333333333
"322","NZL00032",0.698333333333333
"323","NZL00033",0.754233333333333
"324","NZL00034",0.192775
"325","NZL00035",0.275025
"326","NZL00036",0.197633333333333
"327","NZL00037",0.0524666666666667
"328","NZL00038",0.0687166666666667
"329","NZL00039",0.419058333333333
"330","NZL00040",0.063675
"331","NZL00041",0.00489166666666667
"332","NZL00042",0.0946833333333333
"333","NZL00043",0.14275
"334","NZL00044",0.275
"335","NZL00045",0.047075
"336","NZL00046",0.389266666666667
"337","NZL00047",0.527416666666667
"338","NZL00048",0.0405833333333333
"339","NZL00049",0.172991666666667
"340","NZL00050",0.0483583333333333
"341","NZL00051",0.0102666666666667
"342","NZL00052",0.115383333333333
"343","NZL00053",0.0260166666666667
"344","NZL00054",0.06015
"345","NZL00055",0.123075
"346","NZL00056",0.0367583333333333
"347","NZL00057",0.0344333333333333
"348","NZL00058",0.0209583333333333
"349","NZL00059",0.3778
"350","NZL00060",0.05885
"351","NZL00061",0.088075
"352","NZL00062",0.449983333333333
"353","NZL00063",0.51545
"354","NZL00064",0.386308333333333
"355","NZL00065",0.00956666666666667
"356","NZL00066",0.019475
"357","NZL00067",0.0457833333333333
"358","NZL00068",0.0410833333333333
"359","NZL00069",0.024475
"360","NZL00070",0.0240333333333333
"361","NZL00071",0.0419916666666667
"362","NZL00072",0.023
"363","NZL00073",0.0128333333333333
"364","NZL00074",0.0409083333333333
"365","NZL00075",0.0968833333333333
"366","NZL00076",1.17215
"367","NZL00077",0.240683333333333
"368","NZL00078",0.458441666666667
"369","NZL00079",1.07185833333333
"370","NZL00080",0.21345
"371","NZL00081",0.00725
"372","PAK00003",1.86
"373","PAK00004",1.5
"374","PAK00005",1.62
"375","PAK00006",2.78
"376","POL00001",2.15920833333333
"377","POL00002",1.6072
"378","POL00003",1.6515
"379","POL00004",3.36791666666667
"380","POL00005",3.14284615384615
"381","POL00006",2.17592592592593
"382","THA00008",0.303916666666667
"383","THA00009",0.354
"384","THA00010",0.2655
"385","TUR00005",0.147894736842105
"386","TUR00006",0.277619047619048
"387","TUR00007",1.86188888888889
"388","TUR00008",0.428
"389","TUR00009",0.1405
"390","TUR00010",2.2773
"391","TUR00011",2.24945454545455
"392","TUR00012",0.61725
"393","TUR00014",0.226666666666667
"394","VNM00001",0.421916666666667
"395","VNM00002",0.315818181818182
"396","VNM00003",0.263583333333333
"397","VNM00004",0.406333333333333
"398","VNM00005",0.237583333333333
"399","ZAF00001",0.0696444444444444
"400","ZAF00002",0.431528301886792
"401","ZAF00003",0.0774545454545455
"402","ZAF00004",0.621520833333333
"403","ZAF00005",4.59578
"404","ZAF00006",0.131111111111111
"405","ZAF00007",0.289444444444444
"406","ZAF00008",0.312416666666667
"407","ZAF00009",0.523269230769231
"408","ZAF00010",0.293214285714286
"409","ZAF00012",0.207090909090909
"410","ZAF00013",0.327259259259259
"411","ZAF00014",0.3438
"412","ZAF00015",0.9407
"413","ZAF00016",0.171375
"414","ARG00001",0.285555555555556
"415","ARG00012",0.320222222222222
"416","CAN00031",0.334
"417","CAN00037",0.448
"418","CAN00038",1.19
"419","CAN00039",0.34
"420","CAN00040",0.373
"421","CAN00041",0.274
"422","CAN00042",0.263
"423","CAN00043",0.493
"424","IND00001",0.439
"425","IND00002",0.913666666666667
"426","IND00004",0.528375
"427","IND00005",0.435375
"428","IND00007",0.743777777777778
"429","IND00009",0.6
"430","IND00010",0.86
"431","IND00011",0.886777777777778
"432","IND00012",1.343
"433","IND00013",0.45
"434","IND00014",1.87
"435","IND00017",0.372857142857143
"436","IND00018",0.192857142857143
"437","IND00020",0.125166666666667
"438","IND00021",0.159571428571429
"439","IND00025",0.143333333333333
"440","IND00028",0.932777777777778
"441","IND00030",0.52
"442","IND00031",0.3235
"443","IND00036",0.897222222222222
"444","IND00037",0.905555555555556
"445","IND00039",0.55
"446","IND00042",0.192142857142857
"447","IND00043",0.335571428571429
"448","IND00044",0.246666666666667
"449","IND00045",0.660545454545455
"450","IND00046",0.386666666666667
"451","IND00047",0.282222222222222
"452","IND00050",0.236545454545455
"453","IND00051",0.497090909090909
"454","IND00053",1.7
"455","IND00054",2.18166666666667
"456","IND00055",0.501
"457","IND00056",2.91828571428571
"458","IND00062",1.83189166666667
"459","IND00063",0.301166666666667
"460","IND00064",0.47
"461","IND00065",0.542
"462","IND00066",0.339
"463","IND00067",2.384
"464","IND00068",0.81225
"465","IND00069",0.608918181818182
"466","IND00070",0.5528
"467","IND00071",0.176
"468","IND00072",0.45055
"469","JPN00001",1
"470","JPN00003",2.06916666666667
"471","JPN00007",1.64083333333333
"472","JPN00010",0.425
"473","JPN00011",0.485
"474","JPN00013",1.16916666666667
"475","JPN00014",0.435833333333333
"476","JPN00015",0.681666666666667
"477","JPN00016",0.019
"478","JPN00017",0.639166666666667
"479","JPN00019",0.0991666666666667
"480","JPN00020",0.08
"481","JPN00021",0.683333333333333
"482","JPN00022",0.208333333333333
"483","JPN00023",0.716666666666667
"484","JPN00025",0.388916666666667
"485","JPN00026",0.19575
"486","JPN00027",0.157
"487","JPN00028",1.23416666666667
"488","KHM00001",0.151833333333333
"489","KHM00002",0.186083333333333
"490","KHM00003",0.151916666666667
"491","KHM00004",0.126666666666667
"492","KHM00006",0.164583333333333
"493","KHM00011",0.16475
"494","LAO00001",0.1685
"495","LAO00002",0.223833333333333
"496","LAO00003",0.212333333333333
"497","LAO00020",0.157583333333333
"498","MAR00001",1.06333333333333
"499","MAR00006",0.929090909090909
"500","MAR00008",0.527272727272727
"501","NZL00005",0.02815
"502","NZL00006",0.30285
"503","NZL00007",0.119208333333333
"504","NZL00008",0.470041666666667
"505","NZL00009",0.329658333333333
"506","NZL00010",0.233233333333333
"507","NZL00011",0.24185
"508","NZL00012",0.722891666666667
"509","NZL00013",0.149575
"510","NZL00014",0.264358333333333
"511","NZL00015",1.11328333333333
"512","NZL00016",0.293058333333333
"513","NZL00017",0.001225
"514","NZL00018",0.375366666666667
"515","NZL00019",0.578725
"516","NZL00020",0.119183333333333
"517","NZL00021",0.344741666666667
"518","NZL00022",0.000933333333333333
"519","NZL00023",0.224683333333333
"520","NZL00024",0.0326833333333333
"521","NZL00025",0.337925
"522","NZL00026",0.108583333333333
"523","NZL00027",2.19108333333333
"524","NZL00028",0.195275
"525","NZL00029",0.131541666666667
"526","NZL00030",0.157791666666667
"527","NZL00031",0.58385
"528","NZL00032",0.678383333333333
"529","NZL00033",0.726558333333333
"530","NZL00034",0.111966666666667
"531","NZL00035",0.182016666666667
"532","NZL00036",0.101783333333333
"533","NZL00037",0.0539166666666667
"534","NZL00038",0.0598916666666667
"535","NZL00039",0.687916666666667
"536","NZL00040",0.0705444444444444
"537","NZL00041",0.00664166666666667
"538","NZL00042",0.0974833333333333
"539","NZL00043",0.170333333333333
"540","NZL00044",0.260491666666667
"541","NZL00045",0.0433083333333333
"542","NZL00046",0.469141666666667
"543","NZL00047",0.596083333333333
"544","NZL00048",0.0435916666666667
"545","NZL00049",0.136966666666667
"546","NZL00050",0.019375
"547","NZL00051",0.0127833333333333
"548","NZL00052",0.0840166666666667
"549","NZL00053",0.03725
"550","NZL00054",0.0578083333333333
"551","NZL00055",0.116016666666667
"552","NZL00056",0.034
"553","NZL00057",0.0368833333333333
"554","NZL00058",0.019375
"555","NZL00059",0.308258333333333
"556","NZL00060",0.0794
"557","NZL00061",0.113475
"558","NZL00062",0.507491666666667
"559","NZL00063",0.95695
"560","NZL00064",0.372741666666667
"561","NZL00065",0.012325
"562","NZL00066",0.0160583333333333
"563","NZL00067",0.0678416666666667
"564","NZL00068",0.0413166666666667
"565","NZL00069",0.0248833333333333
"566","NZL00070",0.024
"567","NZL00071",0.0384
"568","NZL00072",0.022375
"569","NZL00073",0.0332666666666667
"570","NZL00074",0.04715
"571","NZL00075",0.103466666666667
"572","NZL00076",0.893133333333333
"573","NZL00077",0.193316666666667
"574","NZL00078",0.429258333333333
"575","NZL00079",1.097175
"576","NZL00080",0.192133333333333
"577","NZL00081",0.00904166666666667
"578","PAK00003",2.41666666666667
"579","PAK00004",3.16666666666667
"580","PAK00005",2.75
"581","PAK00006",3.32
"582","POL00001",2.07375
"583","POL00002",1.38852
"584","POL00003",1.60545833333333
"585","POL00004",2.96583333333333
"586","POL00005",2.90057692307692
"587","POL00006",1.6714
"588","THA00008",0.3886
"589","THA00009",0.408
"590","THA00010",0.2703
"591","TUR00005",0.0951818181818182
"592","TUR00006",0.176153846153846
"593","TUR00007",1.24181818181818
"594","TUR00008",0.06
"595","TUR00009",0.0713636363636364
"596","TUR00010",1.82972727272727
"597","TUR00011",0.578181818181818
"598","TUR00012",0.512
"599","TUR00013",0.727
"600","VNM00001",0.169
"601","VNM00002",0.227666666666667
"602","VNM00003",0.258666666666667
"603","VNM00004",0.254083333333333
"604","VNM00005",0.263
"605","ZAF00001",0.137794117647059
"606","ZAF00002",0.314945945945946
"607","ZAF00003",0.0411818181818182
"608","ZAF00004",0.62858
"609","ZAF00005",4.48817647058824
"610","ZAF00006",0.1058
"611","ZAF00007",0.0535454545454545
"612","ZAF00008",0.645045454545455
"613","ZAF00009",0.3439
"614","ZAF00010",0.171727272727273
"615","ZAF00012",0.311133333333333
"616","ZAF00013",0.635961538461538
"617","ZAF00014",0.138428571428571
"618","ZAF00015",1.16663636363636
"619","ARG00001",0.239166666666667
"620","ARG00012",0.394833333333333
"621","CAN00010",0.43
"622","CAN00031",0.376
"623","CAN00032",0.36
"624","CAN00033",0.362
"625","CAN00034",0.37
"626","CAN00035",0.373
"627","CAN00044",0.433
"628","CAN00045",0.311
"629","CAN00046",0.418
"630","CAN00048",0.415
"631","IND00001",0.985
"632","IND00002",0.652454545454545
"633","IND00004",0.208181818181818
"634","IND00005",0.224545454545455
"635","IND00007",0.141
"636","IND00010",0.1
"637","IND00011",0.6706
"638","IND00028",1.6662
"639","IND00031",0.105
"640","IND00036",0.3882
"641","IND00037",0.7225
"642","IND00044",0.11
"643","IND00045",0.24
"644","IND00046",0.2314
"645","IND00047",0.244454545454545
"646","IND00050",0.34
"647","IND00051",0.313666666666667
"648","IND00055",0.1525
"649","IND00056",1.62
"650","IND00062",2.79933333333333
"651","IND00063",0.318571428571429
"652","IND00064",0.27
"653","IND00065",0.4
"654","IND00066",0.22
"655","IND00067",0.7025
"656","IND00068",0.32725
"657","IND00070",2.9845
"658","IND00071",0.306
"659","IND00072",0.469625
"660","JPN00001",1
"661","JPN00003",2.22083333333333
"662","JPN00007",1.4825
"663","JPN00010",0.396666666666667
"664","JPN00011",0.4175
"665","JPN00013",1.22916666666667
"666","JPN00014",0.449166666666667
"667","JPN00015",0.646666666666667
"668","JPN00016",0.06
"669","JPN00017",0.570833333333333
"670","JPN00019",0.145
"671","JPN00020",0.1375
"672","JPN00021",0.701666666666667
"673","JPN00022",0.284166666666667
"674","JPN00023",0.883333333333333
"675","JPN00025",0.666666666666667
"676","JPN00026",0.2065
"677","JPN00027",0.163916666666667
"678","JPN00028",1.1225
"679","KHM00001",0.099
"680","KHM00002",0.0974166666666667
"681","KHM00003",0.105416666666667
"682","KHM00004",0.140083333333333
"683","KHM00006",0.137833333333333
"684","KHM00011",0.143916666666667
"685","LAO00001",0.152083333333333
"686","LAO00002",0.23825
"687","LAO00003",0.133583333333333
"688","LAO00020",0.17725
"689","MAR00001",1.615
"690","MAR00006",1.86444444444444
"691","MAR00008",0.488333333333333
"692","NZL00005",0.0313416666666667
"693","NZL00006",0.296633333333333
"694","NZL00007",0.166241666666667
"695","NZL00008",0.388358333333333
"696","NZL00009",0.3775
"697","NZL00010",0.23595
"698","NZL00011",0.278875
"699","NZL00012",0.684741666666667
"700","NZL00013",0.176766666666667
"701","NZL00014",0.304475
"702","NZL00015",1.09704166666667
"703","NZL00016",0.405691666666667
"704","NZL00017",0.00100833333333333
"705","NZL00018",0.387825
"706","NZL00019",0.575166666666667
"707","NZL00020",0.11975
"708","NZL00021",0.267591666666667
"709","NZL00022",0.00206666666666667
"710","NZL00023",0.261091666666667
"711","NZL00024",0.0293833333333333
"712","NZL00025",0.296466666666667
"713","NZL00026",0.116525
"714","NZL00027",1.76250833333333
"715","NZL00028",0.155041666666667
"716","NZL00029",0.057475
"717","NZL00030",0.130833333333333
"718","NZL00031",0.4898
"719","NZL00032",0.620541666666667
"720","NZL00033",0.731658333333333
"721","NZL00034",0.193925
"722","NZL00035",0.271375
"723","NZL00036",0.188566666666667
"724","NZL00037",0.090125
"725","NZL00038",0.0692833333333333
"726","NZL00039",0.5738
"727","NZL00040",0.100741666666667
"728","NZL00041",0.0098
"729","NZL00042",0.100925
"730","NZL00043",0.163658333333333
"731","NZL00044",0.258716666666667
"732","NZL00045",0.04
"733","NZL00046",0.531875
"734","NZL00047",0.767783333333333
"735","NZL00048",0.0472333333333333
"736","NZL00049",0.20035
"737","NZL00050",0.0250583333333333
"738","NZL00051",0.0119583333333333
"739","NZL00052",0.0910333333333333
"740","NZL00053",0.026725
"741","NZL00054",0.0588833333333333
"742","NZL00055",0.108866666666667
"743","NZL00056",0.0278083333333333
"744","NZL00057",0.0331916666666667
"745","NZL00058",0.0155166666666667
"746","NZL00059",0.336008333333333
"747","NZL00060",0.0632916666666667
"748","NZL00061",0.05865
"749","NZL00062",0.431866666666667
"750","NZL00063",0.967963636363636
"751","NZL00064",0.223266666666667
"752","NZL00065",0.00705
"753","NZL00066",0.013775
"754","NZL00067",0.0461083333333333
"755","NZL00068",0.037675
"756","NZL00069",0.026175
"757","NZL00070",0.0219833333333333
"758","NZL00071",0.0343166666666667
"759","NZL00072",0.01955
"760","NZL00073",0.013675
"761","NZL00074",0.022475
"762","NZL00075",0.0603416666666667
"763","NZL00076",1.10321666666667
"764","NZL00077",0.278208333333333
"765","NZL00078",0.5243
"766","NZL00079",0.942233333333333
"767","NZL00080",0.227083333333333
"768","NZL00081",0.010525
"769","PAK00003",2.2
"770","PAK00004",3.5
"771","PAK00005",2.7
"772","PAK00006",3.8
"773","POL00001",2.0113
"774","POL00002",1.0792380952381
"775","POL00003",1.04911111111111
"776","POL00004",3.651
"777","POL00005",2.38054545454545
"778","POL00006",1.33472727272727
"779","THA00008",0.361142857142857
"780","THA00009",0.414666666666667
"781","THA00010",0.462818181818182
"782","TZA00003",0.273142857142857
"783","VNM00001",0.215583333333333
"784","VNM00002",0.230416666666667
"785","VNM00003",0.171333333333333
"786","VNM00004",0.19675
"787","VNM00005",0.226833333333333
"788","ZAF00001",0.0800681818181818
"789","ZAF00002",0.184112244897959
"790","ZAF00003",0.064
"791","ZAF00004",0.28625
"792","ZAF00005",4.10767307692308
"793","ZAF00007",0.2627
"794","ZAF00008",0.155125
"795","ZAF00009",0.188395833333333
"796","ZAF00010",0.282615384615385
"797","ZAF00012",0.196090909090909
"798","ZAF00013",0.394448275862069
"799","ZAF00014",0.076
"800","ZAF00015",1.30856
"801","ARG00001",0.1964
"802","ARG00012",0.1822
"803","CAN00031",0.345
"804","CAN00037",0.383
"805","CAN00038",0.961
"806","CAN00039",0.336
"807","CAN00040",0.365
"808","CAN00041",0.213
"809","CAN00042",0.24
"810","CAN00043",1.19
"811","IND00002",0.326363636363636
"812","IND00004",0.158181818181818
"813","IND00005",0.147272727272727
"814","IND00007",0.195
"815","IND00009",0.3
"816","IND00010",0.825
"817","IND00031",0.146
"818","IND00044",0.109166666666667
"819","IND00045",0.2075
"820","IND00046",0.173727272727273
"821","IND00047",0.150090909090909
"822","IND00050",0.341583333333333
"823","IND00051",0.244916666666667
"824","IND00055",0.168181818181818
"825","IND00056",0.3425
"826","IND00062",0.547
"827","IND00063",0.21
"828","IND00064",0.06
"829","IND00065",0.209
"830","IND00066",0.144
"831","IND00067",0.6
"832","IND00068",0.254545454545455
"833","IND00072",0.115583333333333
"834","JPN00001",1
"835","JPN00003",2.15833333333333
"836","JPN00007",1.29666666666667
"837","JPN00010",0.35
"838","JPN00011",0.413333333333333
"839","JPN00013",1.025
"840","JPN00014",0.4825
"841","JPN00015",0.724166666666667
"842","JPN00016",0.06
"843","JPN00017",0.6075
"844","JPN00019",0.128333333333333
"845","JPN00020",0.1225
"846","JPN00021",0.7325
"847","JPN00022",0.295454545454545
"848","JPN00025",0.734083333333333
"849","JPN00026",0.245
"850","JPN00027",0.130833333333333
"851","JPN00028",1.11666666666667
"852","KHM00001",0.111583333333333
"853","KHM00002",0.1685
"854","KHM00003",0.146083333333333
"855","KHM00004",0.125666666666667
"856","KHM00006",0.182363636363636
"857","KHM00007",0.004
"858","KHM00008",0.084
"859","KHM00009",0.1955
"860","KHM00010",0.101
"861","KHM00011",0.147916666666667
"862","KHM00012",0.0466666666666667
"863","LAO00001",0.255833333333333
"864","LAO00002",0.279916666666667
"865","LAO00003",0.291583333333333
"866","LAO00019",0.35875
"867","LAO00020",0.211416666666667
"868","MAR00001",1.53
"869","MAR00006",1.57818181818182
"870","MAR00008",0.667272727272727
"871","NZL00005",0.016025
"872","NZL00006",0.240825
"873","NZL00007",0.08
"874","NZL00008",0.305183333333333
"875","NZL00009",0.32885
"876","NZL00010",0.178175
"877","NZL00011",0.320641666666667
"878","NZL00012",0.766875
"879","NZL00013",0.206591666666667
"880","NZL00014",0.346458333333333
"881","NZL00015",1.137225
"882","NZL00016",0.371541666666667
"883","NZL00017",0.00133333333333333
"884","NZL00018",0.374008333333333
"885","NZL00019",0.837125
"886","NZL00020",0.135516666666667
"887","NZL00021",0.474127272727273
"888","NZL00022",0.000983333333333333
"889","NZL00023",0.301425
"890","NZL00024",0.0508583333333333
"891","NZL00025",0.34415
"892","NZL00026",0.121175
"893","NZL00027",2.30789166666667
"894","NZL00028",0.211341666666667
"895","NZL00029",0.1342
"896","NZL00030",0.167541666666667
"897","NZL00031",0.721683333333333
"898","NZL00032",0.744466666666667
"899","NZL00033",0.762633333333333
"900","NZL00034",0.183108333333333
"901","NZL00035",0.292833333333333
"902","NZL00036",0.15645
"903","NZL00037",0.06005
"904","NZL00038",0.0572
"905","NZL00039",0.956858333333333
"906","NZL00040",0.0886083333333333
"907","NZL00041",0.00381666666666667
"908","NZL00042",0.122508333333333
"909","NZL00043",0.204191666666667
"910","NZL00044",0.265091666666667
"911","NZL00045",0.0289
"912","NZL00046",0.55855
"913","NZL00047",0.677625
"914","NZL00048",0.0287666666666667
"915","NZL00049",0.191533333333333
"916","NZL00050",0.0196916666666667
"917","NZL00051",0.01245
"918","NZL00052",0.111616666666667
"919","NZL00053",0.0317666666666667
"920","NZL00054",0.0621833333333333
"921","NZL00055",0.0988333333333333
"922","NZL00056",0.0373916666666667
"923","NZL00057",0.029225
"924","NZL00058",0.0153416666666667
"925","NZL00059",0.263258333333333
"926","NZL00060",0.0645833333333333
"927","NZL00061",0.0706583333333333
"928","NZL00062",0.376558333333333
"929","NZL00063",0.914466666666667
"930","NZL00064",0.18285
"931","NZL00065",0.00881666666666667
"932","NZL00066",0.00683333333333333
"933","NZL00067",0.173191666666667
"934","NZL00068",0.0353833333333333
"935","NZL00069",0.0246166666666667
"936","NZL00070",0.01525
"937","NZL00071",0.0334333333333333
"938","NZL00072",0.0132083333333333
"939","NZL00073",0.01355
"940","NZL00074",0.0173666666666667
"941","NZL00075",0.0995666666666667
"942","NZL00076",0.995575
"943","NZL00077",0.255158333333333
"944","NZL00078",0.534708333333333
"945","NZL00079",1.23255833333333
"946","NZL00080",0.228366666666667
"947","NZL00081",0.009075
"948","THA00008",0.26625
"949","THA00009",0.273333333333333
"950","THA00010",0.2175
"951","TZA00003",0.27775
"952","VNM00001",0.245416666666667
"953","VNM00002",0.193333333333333
"954","VNM00003",0.216166666666667
"955","VNM00004",0.232333333333333
"956","VNM00005",0.195
"957","ZAF00001",0.0574444444444444
"958","ZAF00002",0.1784
"959","ZAF00003",0.06075
"960","ZAF00004",0.140611111111111
"961","ZAF00005",3.57761538461538
"962","ZAF00008",0.11
"963","ZAF00009",0.3272
"964","ZAF00010",0.20975
"965","ZAF00012",0.195
"966","ZAF00013",0.365714285714286
"967","ZAF00014",0.055
"968","ZAF00015",0.47
"969","ZAF00016",0.099
"970","ZAF00024",0.246
"971","ARG00004",2.42857142857143
"972","CAN00010",0.445
"973","CAN00031",0.371
"974","CAN00032",0.351333333333333
"975","CAN00033",0.327142857142857
"976","CAN00034",0.382
"977","CAN00035",0.383
"978","CAN00044",0.468
"979","CAN00045",0.362
"980","CAN00046",0.428
"981","CAN00047",0.402
"982","CAN00048",0.436
"983","JPN00001",1
"984","JPN00003",2.04833333333333
"985","JPN00007",1.4175
"986","JPN00010",0.366666666666667
"987","JPN00011",0.419166666666667
"988","JPN00013",1.06666666666667
"989","JPN00014",0.495833333333333
"990","JPN00015",0.6975
"991","JPN00016",0.06
"992","JPN00017",0.725
"993","JPN00019",0.118333333333333
"994","JPN00020",0.0908333333333333
"995","JPN00021",0.7525
"996","JPN00022",0.3
"997","JPN00025",0.743166666666667
"998","JPN00026",0.366416666666667
"999","JPN00027",0.233
"1000","JPN00028",1.2
"1001","KHM00001",0.1475
"1002","KHM00002",0.127083333333333
"1003","KHM00003",0.150416666666667
"1004","KHM00004",0.141
"1005","KHM00006",0.161
"1006","KHM00007",0.0645
"1007","KHM00008",0.1055
"1008","KHM00009",0.169166666666667
"1009","KHM00010",0.14225
"1010","KHM00011",0.167916666666667
"1011","KHM00012",0.114416666666667
"1012","LAO00001",0.224
"1013","LAO00002",0.303583333333333
"1014","LAO00003",0.286416666666667
"1015","LAO00019",0.294416666666667
"1016","LAO00020",0.261416666666667
"1017","MAR00001",0.93
"1018","MAR00006",0.905
"1019","MAR00008",0.576666666666667
"1020","NZL00005",0.026025
"1021","NZL00006",0.203958333333333
"1022","NZL00007",0.0944
"1023","NZL00008",0.421233333333333
"1024","NZL00009",0.308325
"1025","NZL00010",0.226425
"1026","NZL00011",0.283783333333333
"1027","NZL00012",0.757691666666667
"1028","NZL00013",0.249025
"1029","NZL00014",0.352675
"1030","NZL00015",1.06713333333333
"1031","NZL00016",0.434383333333333
"1032","NZL00017",0.00105
"1033","NZL00018",0.417975
"1034","NZL00019",0.7387
"1035","NZL00020",0.119683333333333
"1036","NZL00021",0.428325
"1037","NZL00022",0.00095
"1038","NZL00023",0.233491666666667
"1039","NZL00024",0.0338416666666667
"1040","NZL00025",0.270766666666667
"1041","NZL00026",0.106590909090909
"1042","NZL00027",1.84168181818182
"1043","NZL00028",0.179466666666667
"1044","NZL00029",0.0634666666666667
"1045","NZL00030",0.0805333333333333
"1046","NZL00031",0.5481
"1047","NZL00032",0.527941666666667
"1048","NZL00033",0.547216666666667
"1049","NZL00034",0.2126
"1050","NZL00035",0.239366666666667
"1051","NZL00036",0.124627272727273
"1052","NZL00037",0.0605083333333333
"1053","NZL00038",0.070125
"1054","NZL00039",0.823091666666667
"1055","NZL00040",0.114875
"1056","NZL00041",0.00653333333333333
"1057","NZL00042",0.126658333333333
"1058","NZL00043",0.214308333333333
"1059","NZL00044",0.259658333333333
"1060","NZL00045",0.0360333333333333
"1061","NZL00046",0.453325
"1062","NZL00047",0.600275
"1063","NZL00048",0.0289833333333333
"1064","NZL00049",0.160575
"1065","NZL00050",0.0179666666666667
"1066","NZL00051",0.0097
"1067","NZL00052",0.07635
"1068","NZL00053",0.0236083333333333
"1069","NZL00054",0.0582333333333333
"1070","NZL00055",0.105458333333333
"1071","NZL00056",0.0453
"1072","NZL00057",0.03185
"1073","NZL00058",0.01045
"1074","NZL00059",0.336808333333333
"1075","NZL00060",0.0467166666666667
"1076","NZL00061",0.0662333333333333
"1077","NZL00062",0.355016666666667
"1078","NZL00063",0.818408333333333
"1079","NZL00064",0.126516666666667
"1080","NZL00065",0.00533333333333333
"1081","NZL00066",0.00999166666666667
"1082","NZL00067",0.106091666666667
"1083","NZL00068",0.0321833333333333
"1084","NZL00069",0.0232833333333333
"1085","NZL00070",0.0147333333333333
"1086","NZL00071",0.0347166666666667
"1087","NZL00072",0.0136916666666667
"1088","NZL00073",0.0182
"1089","NZL00074",0.041525
"1090","NZL00075",0.116241666666667
"1091","NZL00076",1.19554166666667
"1092","NZL00077",0.256475
"1093","NZL00078",0.637608333333333
"1094","NZL00079",1.157275
"1095","NZL00080",0.246608333333333
"1096","NZL00081",0.00838333333333333
"1097","THA00008",0.318333333333333
"1098","THA00009",0.239666666666667
"1099","THA00010",0.179083333333333
"1100","VNM00001",0.355083333333333
"1101","VNM00002",0.252416666666667
"1102","VNM00003",0.1785
"1103","VNM00004",0.2725
"1104","VNM00005",0.2965
"1105","ZAF00001",0.0765454545454545
"1106","ZAF00002",0.276666666666667
"1107","ZAF00003",0.0478571428571429
"1108","ZAF00004",0.390627906976744
"1109","ZAF00005",4.86652631578947
"1110","ZAF00009",0.273866666666667
"1111","ZAF00010",0.162
"1112","ZAF00012",0.31435
"1113","ZAF00013",0.624130434782609
"1114","ZAF00014",0.8275
"1115","ZAF00015",1.01527777777778
"1116","ZAF00016",0.082
"1117","ZAF00024",0.256333333333333
"1118","ZAF00025",0.067
"1119","ZAF00026",0.056
"1120","ARG00004",2.22222222222222
"1121","CAN00010",0.46
"1122","CAN00041",0.386
"1123","CAN00042",0.123
"1124","CAN00043",0.483
"1125","CAN00047",0.439
"1126","CAN00048",0.469
"1127","JPN00001",1
"1128","JPN00003",1.9725
"1129","JPN00007",1.38583333333333
"1130","JPN00010",0.374166666666667
"1131","JPN00011",0.439166666666667
"1132","JPN00013",1.01
"1133","JPN00014",0.496666666666667
"1134","JPN00015",0.675833333333333
"1135","JPN00016",0.06
"1136","JPN00017",0.529
"1137","JPN00019",0.119166666666667
"1138","JPN00020",0.1
"1139","JPN00021",0.7275
"1140","JPN00022",0.2825
"1141","JPN00025",0.464833333333333
"1142","JPN00026",0.0469166666666667
"1143","JPN00027",0.016
"1144","JPN00028",1.25583333333333
"1145","KHM00001",0.1435
"1146","KHM00002",0.143833333333333
"1147","KHM00003",0.137666666666667
"1148","KHM00004",0.182
"1149","KHM00006",0.138916666666667
"1150","KHM00007",0.0750833333333333
"1151","KHM00008",0.101666666666667
"1152","KHM00009",0.176916666666667
"1153","KHM00010",0.161583333333333
"1154","KHM00011",0.307166666666667
"1155","KHM00012",0.175083333333333
"1156","LAO00001",0.203166666666667
"1157","LAO00002",0.360916666666667
"1158","LAO00003",0.27475
"1159","LAO00019",0.3615
"1160","LAO00020",0.229
"1161","MAR00001",0.9
"1162","MAR00006",1.17076923076923
"1163","MAR00008",0.596666666666667
"1164","NZL00005",0.0182666666666667
"1165","NZL00006",0.22285
"1166","NZL00007",0.09995
"1167","NZL00008",0.347725
"1168","NZL00009",0.26365
"1169","NZL00010",0.183308333333333
"1170","NZL00011",0.279616666666667
"1171","NZL00012",0.745833333333333
"1172","NZL00013",0.257541666666667
"1173","NZL00014",0.389333333333333
"1174","NZL00015",1.11105833333333
"1175","NZL00016",0.475158333333333
"1176","NZL00017",0.00126666666666667
"1177","NZL00018",0.395616666666667
"1178","NZL00019",0.796991666666667
"1179","NZL00020",0.146275
"1180","NZL00021",0.4377
"1181","NZL00022",0.000875
"1182","NZL00023",0.271758333333333
"1183","NZL00024",0.0353583333333333
"1184","NZL00025",0.259808333333333
"1185","NZL00026",0.10425
"1186","NZL00027",1.95765833333333
"1187","NZL00028",0.207541666666667
"1188","NZL00029",0.116516666666667
"1189","NZL00030",0.131508333333333
"1190","NZL00031",0.556291666666667
"1191","NZL00032",0.5905
"1192","NZL00033",0.604141666666667
"1193","NZL00034",0.172716666666667
"1194","NZL00035",0.20235
"1195","NZL00036",0.165558333333333
"1196","NZL00037",0.0695833333333333
"1197","NZL00038",0.0737583333333333
"1198","NZL00039",0.9236
"1199","NZL00040",0.16265
"1200","NZL00041",0.00675833333333333
"1201","NZL00042",0.132558333333333
"1202","NZL00043",0.19915
"1203","NZL00044",0.199666666666667
"1204","NZL00045",0.0316333333333333
"1205","NZL00046",0.525908333333333
"1206","NZL00047",0.689916666666667
"1207","NZL00048",0.0425666666666667
"1208","NZL00049",0.163416666666667
"1209","NZL00050",0.0199
"1210","NZL00051",0.0175166666666667
"1211","NZL00052",0.105208333333333
"1212","NZL00053",0.0262083333333333
"1213","NZL00054",0.0651916666666667
"1214","NZL00055",0.115666666666667
"1215","NZL00056",0.0448416666666667
"1216","NZL00057",0.0333
"1217","NZL00058",0.016575
"1218","NZL00059",0.253933333333333
"1219","NZL00060",0.0662916666666667
"1220","NZL00061",0.0946916666666667
"1221","NZL00062",0.794691666666667
"1222","NZL00063",1.53051666666667
"1223","NZL00064",0.34415
"1224","NZL00065",0.00400833333333333
"1225","NZL00066",0.117383333333333
"1226","NZL00067",0.180875
"1227","NZL00068",0.0319083333333333
"1228","NZL00069",0.0228333333333333
"1229","NZL00070",0.01545
"1230","NZL00071",0.0367083333333333
"1231","NZL00072",0.0477916666666667
"1232","NZL00073",0.005675
"1233","NZL00074",0.0600666666666667
"1234","NZL00075",0.076925
"1235","NZL00076",1.06505833333333
"1236","NZL00077",0.232066666666667
"1237","NZL00078",0.496441666666667
"1238","NZL00079",0.921075
"1239","NZL00080",0.18005
"1240","NZL00081",0.0104166666666667
"1241","THA00008",0.319166666666667
"1242","THA00009",0.247916666666667
"1243","THA00010",0.23375
"1244","VNM00001",0.295916666666667
"1245","VNM00002",0.379583333333333
"1246","VNM00003",0.209833333333333
"1247","VNM00004",0.441333333333333
"1248","VNM00005",0.233333333333333
"1249","ZAF00001",0.302269230769231
"1250","ZAF00002",0.335558823529412
"1251","ZAF00003",0.086375
"1252","ZAF00004",0.867324324324324
"1253","ZAF00005",4.75365
"1254","ZAF00006",0.08
"1255","ZAF00009",0.459666666666667
"1256","ZAF00010",0.155833333333333
"1257","ZAF00011",1.313
"1258","ZAF00012",0.2175
"1259","ZAF00013",0.633052631578947
"1260","ZAF00014",0.33975
"1261","ZAF00015",1.26861904761905
"1262","ZAF00016",0.283222222222222
"1263","ZAF00024",0.273428571428571
"1264","ZAF00025",0.382071428571429
"1265","ZAF00026",0.0832
"1266","ZAF00027",0.268
"1267","ZAF00028",0.0806
"1268","ARG00004",2
"1269","JPN00001",1
"1270","JPN00003",2.21666666666667
"1271","JPN00007",1.43166666666667
"1272","JPN00010",0.370833333333333
"1273","JPN00011",0.395833333333333
"1274","JPN00013",1.06416666666667
"1275","JPN00014",0.4775
"1276","JPN00015",0.700833333333333
"1277","JPN00016",0.06
"1278","JPN00017",0.651666666666667
"1279","JPN00019",0.103333333333333
"1280","JPN00020",0.0691666666666667
"1281","JPN00021",0.691666666666667
"1282","JPN00022",0.32
"1283","JPN00025",0.460916666666667
"1284","JPN00026",0.0120833333333333
"1285","JPN00027",0.0156666666666667
"1286","JPN00028",1.21583333333333
"1287","KHM00001",0.15125
"1288","KHM00002",0.141083333333333
"1289","KHM00003",0.138416666666667
"1290","KHM00004",0.172333333333333
"1291","KHM00006",0.141
"1292","KHM00007",0.0746916666666667
"1293","KHM00009",0.143666666666667
"1294","KHM00010",0.14
"1295","KHM00011",0.248083333333333
"1296","KHM00012",0.154916666666667
"1297","LAO00001",0.24575
"1298","LAO00002",0.352916666666667
"1299","LAO00019",0.430636363636364
"1300","LAO00020",0.24525
"1301","MAR00001",0.4525
"1302","MAR00006",0.962727272727273
"1303","MAR00008",0.660909090909091
"1304","THA00008",0.332916666666667
"1305","THA00009",0.23125
"1306","THA00010",0.23125
"1307","VNM00001",0.560416666666667
"1308","VNM00002",0.235083333333333
"1309","VNM00003",0.152
"1310","VNM00004",0.316916666666667
"1311","VNM00005",0.233916666666667
"1312","ZAF00001",0.04
"1313","ZAF00002",0.12875
"1314","ZAF00004",0.04
"1315","ZAF00005",5.4685
"1316","ZAF00010",0.411
"1317","ZAF00011",1.759
"1318","ZAF00012",0.32
"1319","ZAF00013",0.04
"1320","ZAF00015",0.633
"1321","ZAF00016",0.04
"1322","ZAF00024",0.4045
"1323","ZAF00025",0.491
"1324","ZAF00026",0.04
"1325","ZAF00028",0.04
"1326","ZAF00029",0.082
"1327","ARG00004",2
"1328","JPN00001",1
"1329","JPN00003",2.23333333333333
"1330","JPN00007",1.35333333333333
"1331","JPN00010",0.400833333333333
"1332","JPN00011",0.3725
"1333","JPN00013",1.0575
"1334","JPN00014",0.503333333333333
"1335","JPN00015",0.728333333333333
"1336","JPN00016",0.06
"1337","JPN00017",0.66
"1338","JPN00019",0.0916666666666667
"1339","JPN00020",0.0675
"1340","JPN00021",0.8425
"1341","JPN00022",0.27
"1342","JPN00025",0.402916666666667
"1343","JPN00026",0.04875
"1344","JPN00027",0.03575
"1345","JPN00028",1.29333333333333
"1346","KHM00001",0.159416666666667
"1347","KHM00002",0.1525
"1348","KHM00003",0.149
"1349","KHM00004",0.165916666666667
"1350","KHM00006",0.16025
"1351","KHM00007",0.0794545454545455
"1352","KHM00009",0.168666666666667
"1353","KHM00010",0.158166666666667
"1354","KHM00011",0.1615
"1355","KHM00012",0.149416666666667
"1356","LAO00001",0.218166666666667
"1357","LAO00002",0.2815
"1358","LAO00019",0.373
"1359","LAO00020",0.266916666666667
"1360","MAR00001",6.05666666666667
"1361","MAR00006",1.455
"1362","MAR00008",0.696666666666667
"1363","NZL00005",0.0351583333333333
"1364","NZL00006",0.306058333333333
"1365","NZL00007",0.125383333333333
"1366","NZL00008",0.450958333333333
"1367","NZL00009",0.353708333333333
"1368","NZL00010",0.251575
"1369","NZL00011",0.340941666666667
"1370","NZL00012",1.036
"1371","NZL00013",0.278375
"1372","NZL00014",0.537966666666667
"1373","NZL00015",1.12888333333333
"1374","NZL00016",0.557308333333333
"1375","NZL00017",0.00135833333333333
"1376","NZL00018",0.39505
"1377","NZL00019",0.825175
"1378","NZL00020",0.128083333333333
"1379","NZL00021",0.357766666666667
"1380","NZL00022",0.00135
"1381","NZL00023",0.291991666666667
"1382","NZL00024",0.0461666666666667
"1383","NZL00025",0.317225
"1384","NZL00026",0.0945333333333333
"1385","NZL00027",1.60048333333333
"1386","NZL00028",0.293491666666667
"1387","NZL00029",0.079375
"1388","NZL00030",0.118891666666667
"1389","NZL00031",0.414433333333333
"1390","NZL00032",0.444158333333333
"1391","NZL00033",0.5343
"1392","NZL00034",0.128075
"1393","NZL00035",0.2097
"1394","NZL00036",0.195441666666667
"1395","NZL00037",0.06835
"1396","NZL00038",0.077075
"1397","NZL00039",0.577125
"1398","NZL00040",0.0926666666666667
"1399","NZL00041",0.0107333333333333
"1400","NZL00042",0.1437
"1401","NZL00043",0.210683333333333
"1402","NZL00044",0.212641666666667
"1403","NZL00045",0.028025
"1404","NZL00046",0.569866666666667
"1405","NZL00047",0.792066666666667
"1406","NZL00048",0.0435666666666667
"1407","NZL00049",0.180541666666667
"1408","NZL00050",0.0234666666666667
"1409","NZL00051",0.0170916666666667
"1410","NZL00052",0.158925
"1411","NZL00053",0.02825
"1412","NZL00054",0.07475
"1413","NZL00055",0.156125
"1414","NZL00056",0.0567083333333333
"1415","NZL00057",0.0342666666666667
"1416","NZL00058",0.0237
"1417","NZL00059",0.558783333333333
"1418","NZL00060",0.0910666666666667
"1419","NZL00061",0.193975
"1420","NZL00062",0.55365
"1421","NZL00063",1.13556666666667
"1422","NZL00064",0.27525
"1423","NZL00065",0.0049
"1424","NZL00066",0.0346666666666667
"1425","NZL00067",0.0457
"1426","NZL00068",0.023725
"1427","NZL00069",0.0233416666666667
"1428","NZL00070",0.0143
"1429","NZL00071",0.0303333333333333
"1430","NZL00072",0.026475
"1431","NZL00073",0.0118083333333333
"1432","NZL00074",0.0520666666666667
"1433","NZL00075",0.13335
"1434","NZL00076",1.173825
"1435","NZL00077",0.304116666666667
"1436","NZL00078",0.877933333333333
"1437","NZL00079",1.458575
"1438","NZL00080",0.307091666666667
"1439","NZL00081",0.009825
"1440","THA00008",0.32975
"1441","THA00009",0.253666666666667
"1442","THA00010",0.242333333333333
"1443","VNM00001",0.517666666666667
"1444","VNM00002",0.352833333333333
"1445","VNM00003",0.0994166666666667
"1446","VNM00004",0.339916666666667
"1447","VNM00005",0.285666666666667
"1448","ZAF00001",0.04
"1449","ZAF00002",0.192133333333333
"1450","ZAF00004",0.22
"1451","ZAF00005",4.8348
"1452","ZAF00009",0.278
"1453","ZAF00010",0.1415
"1454","ZAF00011",2.02075
"1455","ZAF00012",0.04
"1456","ZAF00013",0.7665
"1457","ZAF00014",0.04
"1458","ZAF00015",0.756222222222222
"1459","ZAF00024",0.284166666666667
"1460","ZAF00025",0.1415
"1461","ZAF00026",0.04
"1462","ZAF00027",0.04
"1463","ZAF00029",0.04
"1464","ARG00004",2
"1465","BEL00014",5.9625
"1466","BEL00015",2.46333333333333
"1467","BEL00016",2.2025
"1468","BEL00018",3.59
"1469","BEL00019",5.38117647058824
"1470","BEL00020",4.22727272727273
"1471","BEL00021",1.8222
"1472","BEL00023",3.30333333333333
"1473","BEL00024",4.49583333333333
"1474","BEL00025",2.80916666666667
"1475","BEL00028",5.26416666666667
"1476","BEL00029",4.46333333333333
"1477","BEL00031",4.343
"1478","BEL00050",3.28882352941176
"1479","BEL00051",2.58916666666667
"1480","BEL00052",3.67384615384615
"1481","BEL00053",4.41125
"1482","BEL00054",4.79117647058824
"1483","BEL00055",5.63166666666667
"1484","BEL00056",5.33583333333333
"1485","BEL00057",3.276875
"1486","BEL00059",6.45916666666667
"1487","BEL00060",1.203925
"1488","BEL00061",2.34191666666667
"1489","BEL00062",2.13572727272727
"1490","BEL00063",2.02090909090909
"1491","BEL00064",3.192
"1492","BEL00065",3.79727272727273
"1493","BEL00066",3.27
"1494","BEL00067",4.82764166666667
"1495","BEL00068",4.9157
"1496","BEL00069",2.6025
"1497","BEL00070",4.72833333333333
"1498","BEL00071",3.54833333333333
"1499","BEL00072",3.71416666666667
"1500","BEL00073",2.24583333333333
"1501","BEL00074",3.0225
"1502","BEL00075",1.49833333333333
"1503","BEL00076",5.04454545454545
"1504","BEL00077",3.98083333333333
"1505","JPN00001",1
"1506","JPN00003",1.9425
"1507","JPN00007",1.33
"1508","JPN00010",0.34
"1509","JPN00011",0.3525
"1510","JPN00013",1.02083333333333
"1511","JPN00014",0.426666666666667
"1512","JPN00015",0.695833333333333
"1513","JPN00017",0.643333333333333
"1514","JPN00019",0.0916666666666667
"1515","JPN00020",0.0425
"1516","JPN00021",0.805833333333333
"1517","JPN00022",0.213454545454545
"1518","JPN00025",0.46125
"1519","JPN00026",0.11575
"1520","JPN00027",0.02525
"1521","JPN00028",1.1425
"1522","KHM00007",0.065
"1523","MAR00001",8.75333333333333
"1524","MAR00006",2.20181818181818
"1525","MAR00008",0.810833333333333
"1526","NZL00005",0.0217916666666667
"1527","NZL00006",0.244933333333333
"1528","NZL00007",0.0938166666666667
"1529","NZL00008",0.315108333333333
"1530","NZL00009",0.265258333333333
"1531","NZL00010",0.168283333333333
"1532","NZL00011",0.239533333333333
"1533","NZL00012",0.855266666666667
"1534","NZL00013",0.253275
"1535","NZL00014",0.457458333333333
"1536","NZL00015",1.11001666666667
"1537","NZL00016",0.466
"1538","NZL00017",0.001275
"1539","NZL00018",0.405416666666667
"1540","NZL00019",0.904441666666667
"1541","NZL00020",0.102416666666667
"1542","NZL00021",0.379066666666667
"1543","NZL00022",0.000758333333333333
"1544","NZL00023",0.230108333333333
"1545","NZL00024",0.033325
"1546","NZL00025",0.271266666666667
"1547","NZL00026",0.0952916666666667
"1548","NZL00027",1.771925
"1549","NZL00028",0.176108333333333
"1550","NZL00029",0.0662833333333333
"1551","NZL00030",0.089475
"1552","NZL00031",0.358633333333333
"1553","NZL00032",0.414858333333333
"1554","NZL00033",0.454258333333333
"1555","NZL00034",0.181108333333333
"1556","NZL00035",0.216808333333333
"1557","NZL00036",0.154375
"1558","NZL00037",0.0627666666666667
"1559","NZL00038",0.0646666666666667
"1560","NZL00039",0.630191666666667
"1561","NZL00040",0.073775
"1562","NZL00041",0.00920833333333333
"1563","NZL00042",0.142258333333333
"1564","NZL00043",0.244283333333333
"1565","NZL00044",0.225016666666667
"1566","NZL00045",0.0324166666666667
"1567","NZL00046",0.425691666666667
"1568","NZL00047",0.550616666666667
"1569","NZL00048",0.0296833333333333
"1570","NZL00049",0.222666666666667
"1571","NZL00050",0.0245916666666667
"1572","NZL00051",0.017175
"1573","NZL00052",0.157666666666667
"1574","NZL00053",0.0375666666666667
"1575","NZL00054",0.0784583333333333
"1576","NZL00055",0.144025
"1577","NZL00056",0.040575
"1578","NZL00057",0.0310666666666667
"1579","NZL00058",0.0178
"1580","NZL00059",0.364625
"1581","NZL00060",0.0819416666666667
"1582","NZL00061",0.199383333333333
"1583","NZL00062",0.6998
"1584","NZL00063",1.54225
"1585","NZL00064",0.302891666666667
"1586","NZL00065",0.0140916666666667
"1587","NZL00066",0.0151666666666667
"1588","NZL00067",0.0452083333333333
"1589","NZL00068",0.03075
"1590","NZL00069",0.0240666666666667
"1591","NZL00070",0.0145416666666667
"1592","NZL00071",0.03035
"1593","NZL00072",0.0216166666666667
"1594","NZL00073",0.016625
"1595","NZL00074",0.058825
"1596","NZL00075",0.0926833333333333
"1597","NZL00076",1.268525
"1598","NZL00077",0.265575
"1599","NZL00078",0.52975
"1600","NZL00079",1.25161666666667
"1601","NZL00080",0.26695
"1602","NZL00081",0.00776666666666667
"1603","ZAF00001",0.005
"1604","ZAF00002",0.715166666666667
"1605","ZAF00003",0.005
"1606","ZAF00004",0.314857142857143
"1607","ZAF00005",6.873
"1608","ZAF00006",0.005
"1609","ZAF00007",0.44
"1610","ZAF00009",0.4422
"1611","ZAF00010",0.102
"1612","ZAF00011",3.1585
"1613","ZAF00012",0.262142857142857
"1614","ZAF00013",0.907142857142857
"1615","ZAF00014",0.028
"1616","ZAF00015",1.33233333333333
"1617","ZAF00016",0.0787142857142857
"1618","ZAF00024",0.27425
"1619","ZAF00025",0.199333333333333
"1620","ZAF00026",0.0235
"1621","ZAF00027",0.06325
"1622","ZAF00028",0.0118333333333333
"1623","ZAF00029",0.3202
"1624","ARG00004",3
"1625","JPN00001",1
"1626","JPN00003",2.08333333333333
"1627","JPN00007",1.275
"1628","JPN00010",0.290833333333333
"1629","JPN00011",0.314166666666667
"1630","JPN00013",0.9025
"1631","JPN00014",0.395
"1632","JPN00015",0.691666666666667
"1633","JPN00017",0.664166666666667
"1634","JPN00019",0.0883333333333333
"1635","JPN00020",0.0575
"1636","JPN00021",0.691666666666667
"1637","JPN00022",0.165333333333333
"1638","JPN00025",0.719166666666667
"1639","JPN00026",0.152416666666667
"1640","JPN00027",0.0740833333333333
"1641","JPN00028",1.1175
"1642","MAR00001",10.935
"1643","MAR00006",2.21090909090909
"1644","MAR00008",0.7125
"1645","NZL00005",0.0281333333333333
"1646","NZL00006",0.261816666666667
"1647","NZL00007",0.122775
"1648","NZL00008",0.542891666666667
"1649","NZL00009",0.193075
"1650","NZL00010",0.134108333333333
"1651","NZL00011",0.277891666666667
"1652","NZL00012",0.744658333333333
"1653","NZL00013",0.271808333333333
"1654","NZL00014",0.433883333333333
"1655","NZL00015",1.14011666666667
"1656","NZL00016",0.398958333333333
"1657","NZL00017",0.00169166666666667
"1658","NZL00018",0.433891666666667
"1659","NZL00019",0.935116666666667
"1660","NZL00020",0.10015
"1661","NZL00021",0.42725
"1662","NZL00022",9e-04
"1663","NZL00023",0.236458333333333
"1664","NZL00024",0.0403333333333333
"1665","NZL00025",0.285975
"1666","NZL00026",0.08875
"1667","NZL00027",1.66728333333333
"1668","NZL00028",0.214327272727273
"1669","NZL00029",0.0685416666666667
"1670","NZL00030",0.0912666666666667
"1671","NZL00031",0.454616666666667
"1672","NZL00032",0.391433333333333
"1673","NZL00033",0.448316666666667
"1674","NZL00034",0.191025
"1675","NZL00035",0.242708333333333
"1676","NZL00036",0.202166666666667
"1677","NZL00037",0.0578916666666667
"1678","NZL00038",0.0682083333333333
"1679","NZL00039",0.754241666666667
"1680","NZL00040",0.114258333333333
"1681","NZL00041",0.009775
"1682","NZL00042",0.203108333333333
"1683","NZL00043",0.267833333333333
"1684","NZL00044",0.199433333333333
"1685","NZL00045",0.0304416666666667
"1686","NZL00046",0.3639
"1687","NZL00047",0.634066666666667
"1688","NZL00048",0.0372333333333333
"1689","NZL00049",0.225083333333333
"1690","NZL00050",0.027225
"1691","NZL00051",0.0132333333333333
"1692","NZL00052",0.173625
"1693","NZL00053",0.0355916666666667
"1694","NZL00054",0.0811
"1695","NZL00055",0.145658333333333
"1696","NZL00056",0.0549083333333333
"1697","NZL00057",0.0296083333333333
"1698","NZL00058",0.0164833333333333
"1699","NZL00059",0.554258333333333
"1700","NZL00060",0.0845583333333333
"1701","NZL00061",0.127183333333333
"1702","NZL00062",0.682233333333333
"1703","NZL00063",1.316075
"1704","NZL00064",0.348325
"1705","NZL00065",0.010225
"1706","NZL00066",0.267533333333333
"1707","NZL00067",0.0644666666666667
"1708","NZL00068",0.029475
"1709","NZL00069",0.026125
"1710","NZL00070",0.015575
"1711","NZL00071",0.0348833333333333
"1712","NZL00072",0.0969416666666667
"1713","NZL00073",0.0907
"1714","NZL00074",0.172608333333333
"1715","NZL00075",0.107575
"1716","NZL00076",1.180275
"1717","NZL00077",0.276866666666667
"1718","NZL00078",0.720725
"1719","NZL00079",1.10533333333333
"1720","NZL00080",0.246591666666667
"1721","NZL00081",0.00609166666666667
"1722","ZAF00001",0.0355714285714286
"1723","ZAF00002",0.893692307692308
"1724","ZAF00004",0.842314285714286
"1725","ZAF00005",5.18415
"1726","ZAF00006",0.1018
"1727","ZAF00010",0.037
"1728","ZAF00011",2.211
"1729","ZAF00012",0.309666666666667
"1730","ZAF00013",0.7854
"1731","ZAF00014",0.330857142857143
"1732","ZAF00015",1.30363636363636
"1733","ZAF00016",0.0674
"1734","ZAF00024",0.279625
"1735","ZAF00025",0.266666666666667
"1736","ZAF00026",0.0996
"1737","ZAF00027",0.019125
"1738","ZAF00028",0.0866666666666667
"1739","ZAF00029",0.1485
"1740","ARG00004",1
"1741","BEL00014",5.54166666666667
"1742","BEL00015",1.39416666666667
"1743","BEL00016",1.4725
"1744","BEL00017",4.09074166666667
"1745","BEL00018",3.529
"1746","BEL00019",5.28666666666667
"1747","BEL00020",4.05033333333333
"1748","BEL00021",1.55166666666667
"1749","BEL00023",3.565
"1750","BEL00024",5.08833333333333
"1751","BEL00025",2.84833333333333
"1752","BEL00028",4.64583333333333
"1753","BEL00029",3.78307692307692
"1754","BEL00031",3.3825
"1755","BEL00050",3.13833333333333
"1756","BEL00051",1.63916666666667
"1757","BEL00052",4.22866666666667
"1758","BEL00053",4.31666666666667
"1759","BEL00054",4.88333333333333
"1760","BEL00055",5.55083333333333
"1761","BEL00056",5.12916666666667
"1762","BEL00057",3.4025
"1763","BEL00059",6.29825
"1764","BEL00060",1.28541666666667
"1765","BEL00061",2.5425
"1766","BEL00062",2.56416666666667
"1767","BEL00063",2.50083333333333
"1768","BEL00064",3.5095
"1769","BEL00066",3.24258333333333
"1770","BEL00067",4.43958333333333
"1771","BEL00068",5.15516666666667
"1772","BEL00069",2.6325
"1773","BEL00070",3.23833333333333
"1774","BEL00071",2.1075
"1775","BEL00072",2.50916666666667
"1776","BEL00073",1.43416666666667
"1777","BEL00074",2.96916666666667
"1778","BEL00075",0.94
"1779","BEL00076",4.17666666666667
"1780","BEL00077",3.08909090909091
"1781","JPN00001",1
"1782","JPN00003",2.19166666666667
"1783","JPN00007",1.3075
"1784","JPN00010",0.290833333333333
"1785","JPN00011",0.338333333333333
"1786","JPN00013",0.88
"1787","JPN00014",0.465
"1788","JPN00015",0.684166666666667
"1789","JPN00017",0.6575
"1790","JPN00019",0.103333333333333
"1791","JPN00020",0.0725
"1792","JPN00021",0.72
"1793","JPN00022",0.216666666666667
"1794","JPN00025",1.67666666666667
"1795","JPN00026",0.544
"1796","JPN00027",0.415666666666667
"1797","JPN00028",1.22
"1798","MAR00001",11.7725
"1799","MAR00006",2.6025
"1800","MAR00008",0.650833333333333
"1801","NZL00005",0.0176416666666667
"1802","NZL00006",0.264475
"1803","NZL00007",0.085075
"1804","NZL00008",0.326216666666667
"1805","NZL00009",0.271991666666667
"1806","NZL00010",0.226741666666667
"1807","NZL00011",0.257175
"1808","NZL00012",0.755875
"1809","NZL00013",0.277533333333333
"1810","NZL00014",0.441925
"1811","NZL00015",1.15976666666667
"1812","NZL00016",0.504691666666667
"1813","NZL00017",0.00100833333333333
"1814","NZL00018",0.422033333333333
"1815","NZL00019",1.1927
"1816","NZL00020",0.108941666666667
"1817","NZL00021",0.5679
"1818","NZL00022",0.000783333333333333
"1819","NZL00023",0.270116666666667
"1820","NZL00024",0.050925
"1821","NZL00025",0.3469
"1822","NZL00026",0.118766666666667
"1823","NZL00027",1.91944166666667
"1824","NZL00028",0.248181818181818
"1825","NZL00029",0.0756333333333333
"1826","NZL00030",0.098475
"1827","NZL00031",0.460425
"1828","NZL00032",0.476091666666667
"1829","NZL00033",0.514166666666667
"1830","NZL00034",0.199075
"1831","NZL00035",0.21745
"1832","NZL00036",0.177375
"1833","NZL00037",0.0563416666666667
"1834","NZL00038",0.0553
"1835","NZL00039",0.705658333333333
"1836","NZL00040",0.116975
"1837","NZL00041",0.00704166666666667
"1838","NZL00042",0.155958333333333
"1839","NZL00043",0.309858333333333
"1840","NZL00044",0.173475
"1841","NZL00045",0.0260833333333333
"1842","NZL00046",0.425241666666667
"1843","NZL00047",0.5298
"1844","NZL00048",0.024925
"1845","NZL00049",0.214316666666667
"1846","NZL00050",0.0240166666666667
"1847","NZL00051",0.01515
"1848","NZL00052",0.108325
"1849","NZL00053",0.0400166666666667
"1850","NZL00054",0.0840666666666667
"1851","NZL00055",0.143575
"1852","NZL00056",0.0385833333333333
"1853","NZL00057",0.0318916666666667
"1854","NZL00058",0.015725
"1855","NZL00059",0.3341
"1856","NZL00060",0.0741583333333333
"1857","NZL00061",0.1759
"1858","NZL00062",0.511375
"1859","NZL00063",1.0367
"1860","NZL00064",0.188391666666667
"1861","NZL00065",0.018175
"1862","NZL00066",0.0441333333333333
"1863","NZL00067",0.05615
"1864","NZL00068",0.0308666666666667
"1865","NZL00069",0.02305
"1866","NZL00070",0.015425
"1867","NZL00071",0.0458181818181818
"1868","NZL00072",0.0413
"1869","NZL00073",0.0203916666666667
"1870","NZL00074",0.0735666666666667
"1871","NZL00075",0.145275
"1872","NZL00076",1.17079166666667
"1873","NZL00077",0.271816666666667
"1874","NZL00078",0.64095
"1875","NZL00079",1.17543333333333
"1876","NZL00080",0.222741666666667
"1877","NZL00081",0.00700833333333333
"1878","TZA00001",0
"1879","TZA00003",0.025
"1880","BEL00014",5.77141666666667
"1881","BEL00015",2.587
"1882","BEL00016",3.34791666666667
"1883","BEL00017",4.95308333333333
"1884","BEL00018",3.69675
"1885","BEL00019",5.02672727272727
"1886","BEL00020",4.42541666666667
"1887","BEL00021",1.5635
"1888","BEL00023",3.85633333333333
"1889","BEL00024",5.05883333333333
"1890","BEL00025",3.03083333333333
"1891","BEL00028",5.23033333333333
"1892","BEL00029",5.2078125
"1893","BEL00031",6.78208333333333
"1894","BEL00050",3.39283333333333
"1895","BEL00051",5.09591666666667
"1896","BEL00052",3.532
"1897","BEL00053",4.365
"1898","BEL00054",4.81833333333333
"1899","BEL00055",5.01866666666667
"1900","BEL00056",5.07391666666667
"1901","BEL00057",3.42990909090909
"1902","BEL00059",6.69816666666667
"1903","BEL00060",1.43075
"1904","BEL00061",3.63583333333333
"1905","BEL00062",3.25241666666667
"1906","BEL00063",3.11
"1907","BEL00064",4.5345
"1908","BEL00066",4.39491666666667
"1909","BEL00067",4.75716666666667
"1910","BEL00068",5.17866666666667
"1911","BEL00069",3.14425
"1912","BEL00070",4.38983333333333
"1913","BEL00071",3.715
"1914","BEL00072",3.25683333333333
"1915","BEL00073",4.05758333333333
"1916","BEL00074",3.23491666666667
"1917","BEL00075",2.393
"1918","BEL00076",6.98154545454545
"1919","BEL00077",4.5313
"1920","JPN00001",1
"1921","JPN00007",1.49
"1922","JPN00010",0.34
"1923","JPN00011",0.563333333333333
"1924","JPN00013",0.833333333333333
"1925","JPN00014",0.563333333333333
"1926","JPN00015",0.793333333333333
"1927","JPN00019",0.18
"1928","JPN00020",0.116666666666667
"1929","JPN00021",0.633333333333333
"1930","JPN00028",1.32
"1931","MAR00001",7.53
"1932","MAR00006",1.29666666666667
"1933","MAR00008",0.6
"1934","TZA00003",0.09
